[ristechy.com/index.html]
[ristechy.com/i]
[backblue.gif]
[fade.gif]
[index.html]
[ristechy.com/wp-content/themes/jannah/assets/fonts/tielabs-fonticon/tielabs-fonticon519d.woff2]
[ristechy.com/wp-content/uploads/2026/01/UFL-Soccer-Game-Apk-390x220.jpg]
[ristechy.com/Firefox/index.html]
[ristechy.com/feed]
[ristechy.com/comments/feed]
[ristechy.com/wp-json/oembed/1.0/embed7d47.json]
[ristechy.com/wp-json/oembed/1.0/embed1e27]
[ristechy.com/wp-content/cache/min/1/wp-content/plugins/wm-video-playlists/assets/css/style6333.css]
[ristechy.com/wp-content/themes/jannah/assets/css/base.min0e5f.css]
[ristechy.com/wp-content/themes/jannah/assets/css/style.min0e5f.css]
[ristechy.com/wp-content/themes/jannah/assets/css/widgets.min0e5f.css]
[ristechy.com/wp-content/cache/min/1/wp-content/themes/jannah/assets/css/helpers.min6333.css]
[ristechy.com/wp-content/cache/min/1/wp-content/themes/jannah/assets/css/fontawesome6333.css]
[ristechy.com/wp-content/cache/min/1/wp-content/themes/jannah/assets/ilightbox/dark-skin/skin6333.css]
[ristechy.com/wp-content/themes/jannah/assets/css/plugins/shortcodes.min0e5f.css]
[ristechy.com/wp-json/wp/v2/pages/14912.json]
[ristechy.com/xmlrpc0db0.php]
[ristechy.com/wp-json/index.html]
[ristechy.com/wp-content/uploads/2021/11/RisTechy.png.webp]
[ristechy.com/games.html]
[ristechy.com/games/soccer.html]
[ristechy.com/android.html]
[ristechy.com/android/communication.html]
[ristechy.com/dlskits.html]
[ristechy.com/contact.html]
[ristechy.com/featured.html]
[ristechy.com/best-ppsspp-games-download-android-psp.html]
[ristechy.com/modern-combat-4-mod-apk-mc4.html]
[ristechy.com/need-for-speed-most-wanted-apk-mod.html]
[ristechy.com/the-amazing-spider-man-apk-obb-data.html]
[ristechy.com/modern-combat-3-mod-apk-fallen-nation.html]
[ristechy.com/wp-content/uploads/2026/01/Subway_Surfers_City_Mod_apk-390x220.jpg]
[ristechy.com/subway-surfers-city-mod-apk.html]
[ristechy.com/football-league-2025-mod-apk.html]
[ristechy.com/wp-content/uploads/2025/09/Football_League_2026_Mod_Apk_Obb-220x150.jpg]
[ristechy.com/wp-content/uploads/2026/01/UFL-Soccer-Game-Apk-220x150.jpg]
[ristechy.com/ufl-soccer-game-apk.html]
[ristechy.com/wp-content/uploads/2025/04/Best-PPSSPP-PSP-Games-download-220x150.webp]
[ristechy.com/soccer-manager-mod-apk.html]
[ristechy.com/wp-content/uploads/2025/08/Soccer-Manager-Mod-Apk-2026-220x150.jpg]
[ristechy.com/total-football-apk-obb.html]
[ristechy.com/wp-content/uploads/2023/11/Screenshot_2023-11-16-09-53-17-380_com.galasports.totalfootball.global-220x150.jpg]
[ristechy.com/wp-content/uploads/2019/01/shadow-fight-2-level-99.jpg.webp]
[ristechy.com/shadow-fight-2-mod-apk-2.html]
[ristechy.com/dream-league-2026-dls-26-mod-apk.html]
[ristechy.com/wp-content/uploads/2026/01/DLS-2026-Mod-Apk-Obb-220x150.webp]
[ristechy.com/ppsspp-gold-apk.html]
[ristechy.com/spotify-premium-apk.html]
[ristechy.com/wp-content/uploads/2018/09/Spotify-premium-apk-android.png.webp]
[ristechy.com/psiphon-pro-unlimited-speed-apk.html]
[ristechy.com/wp-content/uploads/2018/03/psiphonprounlimitedapk.jpeg.webp]
[ristechy.com/ppsspp-psp-emulator-apk.html]
[ristechy.com/wp-content/uploads/2019/06/PPSSPP-PSP-Emulator.jpeg.webp]
[ristechy.com/wp-content/uploads/2020/08/ePSXe-apk-full.jpg.webp]
[ristechy.com/epsxe-full-apk-ps1-emulator-android.html]
[ristechy.com/rpcs3-apk-android.html]
[ristechy.com/wp-content/uploads/2025/03/RPCS3-Apk-Android-220x150.jpg]
[ristechy.com/betika-app-apk-download.html]
[ristechy.com/wp-content/uploads/2019/08/Betika-App-Android-apk.jpeg.webp]
[ristechy.com/nordvpn-apk-android.html]
[ristechy.com/wp-content/uploads/2020/09/NordVPN-apk.png.webp]
[ristechy.com/wp-content/uploads/2025/09/Football_League_2026_Mod_Apk_Obb-390x220.jpg]
[ristechy.com/wp-content/uploads/2025/04/Best-PPSSPP-PSP-Games-download-390x220.webp]
[ristechy.com/wp-content/uploads/2025/08/Soccer-Manager-Mod-Apk-2026-390x220.jpg]
[ristechy.com/wp-content/uploads/2023/11/Screenshot_2023-11-16-09-53-17-380_com.galasports.totalfootball.global-390x220.jpg]
[ristechy.com/wp-content/uploads/2026/01/DLS-2026-Mod-Apk-Obb-390x220.webp]
[ristechy.com/traffic-rider-mod-apk-download.html]
[ristechy.com/wp-content/uploads/2020/04/Traffic-Rider-Mod-apk-2.png.webp]
[ristechy.com/aethersx2-apk-android.html]
[ristechy.com/wp-content/uploads/2021/12/AetherSX2-ps2-emulator-Android.png.webp]
[ristechy.com/privacy.html]
[ristechy.com/about.html]
[ristechy.com/wp-content/plugins/wp-rocket/assets/js/lazyload/17.8.3/lazyload.min.js]
[ristechy.com/cdn-cgi/challenge-platform/h/b/scripts/jsd/8eb6d5cd556e/maind41d.js]
[ristechy.com/index.html]
[ristechy.com/i.html]
[ristechy.com/Firefox/index.html]
[ristechy.com/wp-content/cache/min/1/wp-content/plugins/wm-video-playlists/assets/css/style6333.css]
[ristechy.com/wp-content/themes/jannah/assets/css/base.min0e5f.css]
[ristechy.com/wp-content/themes/jannah/assets/images/code-bg.png]
[ristechy.com/wp-content/themes/jannah/assets/css/style.min0e5f.css]
[ristechy.com/wp-content/themes/jannah/assets/css/widgets.min0e5f.css]
[ristechy.com/wp-content/themes/jannah/assets/fonts/tielabs-fonticon/tielabs-fonticon519d.woff]
[ristechy.com/wp-content/themes/jannah/assets/fonts/tielabs-fonticon/tielabs-fonticon519d.ttf]
[ristechy.com/wp-content/cache/min/1/wp-content/themes/jannah/assets/css/helpers.min6333.css]
[ristechy.com/wp-content/themes/jannah/assets/fonts/tielabs-fonticon/tielabs-fonticon519d.svg]
[ristechy.com/wp-content/themes/jannah/assets/fonts/fontawesome/fa-brands-400.eot]
[ristechy.com/wp-content/themes/jannah/assets/fonts/fontawesome/fa-brands-400d41d.eot]
[ristechy.com/wp-content/themes/jannah/assets/fonts/fontawesome/fa-brands-400.woff2]
[ristechy.com/wp-content/themes/jannah/assets/fonts/fontawesome/fa-brands-400.woff]
[ristechy.com/wp-content/themes/jannah/assets/fonts/fontawesome/fa-brands-400.ttf]
[ristechy.com/wp-content/themes/jannah/assets/fonts/fontawesome/fa-brands-400.svg]
[ristechy.com/wp-content/themes/jannah/assets/fonts/fontawesome/fa-regular-400.eot]
[ristechy.com/wp-content/themes/jannah/assets/fonts/fontawesome/fa-regular-400d41d.eot]
[ristechy.com/wp-content/themes/jannah/assets/fonts/fontawesome/fa-regular-400.woff2]
[ristechy.com/wp-content/themes/jannah/assets/fonts/fontawesome/fa-regular-400.woff]
[ristechy.com/wp-content/themes/jannah/assets/fonts/fontawesome/fa-regular-400.ttf]
[ristechy.com/wp-content/themes/jannah/assets/fonts/fontawesome/fa-regular-400.svg]
[ristechy.com/wp-content/themes/jannah/assets/fonts/fontawesome/fa-solid-900.eot]
[ristechy.com/wp-content/themes/jannah/assets/fonts/fontawesome/fa-solid-900d41d.eot]
[ristechy.com/wp-content/themes/jannah/assets/fonts/fontawesome/fa-solid-900.woff2]
[ristechy.com/wp-content/themes/jannah/assets/fonts/fontawesome/fa-solid-900.woff]
[ristechy.com/wp-content/themes/jannah/assets/fonts/fontawesome/fa-solid-900.ttf]
[ristechy.com/wp-content/cache/min/1/wp-content/themes/jannah/assets/css/fontawesome6333.css]
[ristechy.com/wp-content/themes/jannah/assets/fonts/fontawesome/fa-solid-900.svg]
[ristechy.com/wp-content/themes/jannah/assets/ilightbox/dark-skin/ilightbox/closedhand.cur]
[ristechy.com/wp-content/themes/jannah/assets/ilightbox/dark-skin/preloader.gif]
[ristechy.com/wp-content/themes/jannah/assets/ilightbox/dark-skin/caption-bg.png]
[ristechy.com/wp-content/themes/jannah/assets/ilightbox/dark-skin/alert.png]
[ristechy.com/wp-content/themes/jannah/assets/ilightbox/dark-skin/buttons.png]
[ristechy.com/wp-content/themes/jannah/assets/ilightbox/dark-skin/fullscreen-icon-64.png]
[ristechy.com/wp-content/themes/jannah/assets/ilightbox/dark-skin/fullscreen-icon-ie.png]
[ristechy.com/wp-content/themes/jannah/assets/ilightbox/dark-skin/x-mark-icon-64.png]
[ristechy.com/wp-content/themes/jannah/assets/ilightbox/dark-skin/x-mark-icon-ie.png]
[ristechy.com/wp-content/themes/jannah/assets/ilightbox/dark-skin/arrow-next-icon-64.png]
[ristechy.com/wp-content/themes/jannah/assets/ilightbox/dark-skin/arrow-next-icon-ie.png]
[ristechy.com/wp-content/themes/jannah/assets/ilightbox/dark-skin/arrow-prev-icon-64.png]
[ristechy.com/wp-content/themes/jannah/assets/ilightbox/dark-skin/arrow-prev-icon-ie.png]
[ristechy.com/wp-content/themes/jannah/assets/ilightbox/dark-skin/play-icon-64.png]
[ristechy.com/wp-content/themes/jannah/assets/ilightbox/dark-skin/play-icon-ie.png]
[ristechy.com/wp-content/themes/jannah/assets/ilightbox/dark-skin/pause-icon-64.png]
[ristechy.com/wp-content/themes/jannah/assets/ilightbox/dark-skin/pause-icon-ie.png]
[ristechy.com/wp-content/themes/jannah/assets/ilightbox/dark-skin/thumb-overlay-play.png]
[ristechy.com/wp-content/themes/jannah/assets/ilightbox/dark-skin/arrow-next-vertical-icon-64.png]
[ristechy.com/wp-content/themes/jannah/assets/ilightbox/dark-skin/arrow-prev-vertical-icon-64.png]
[ristechy.com/wp-content/cache/min/1/wp-content/themes/jannah/assets/ilightbox/dark-skin/skin6333.css]
[ristechy.com/wp-content/themes/jannah/assets/css/plugins/shortcodes.min0e5f.css]
[ristechy.com/xmlrpc0db0.html]
[ristechy.com/games/page/2.html]
[ristechy.com/games/feed]
[ristechy.com/wp-json/wp/v2/categories/33.json]
[ristechy.com/games.html]
[ristechy.com/games/i]
[ristechy.com/games/soccer/page/2.html]
[ristechy.com/games/Firefox/index.html]
[ristechy.com/games/soccer/feed]
[ristechy.com/wp-json/wp/v2/categories/36.json]
[ristechy.com/wp-content/uploads/2026/02/Soccer-Superstar-Mod-Apk-390x220.jpg]
[ristechy.com/soccer-superstar-mod-apk.html]
[ristechy.com/wp-content/uploads/2026/01/pes_efootball_2026_ppsspp_iso_download-390x220.webp]
[ristechy.com/pes-2026-ppsspp-psp-iso-efootball.html]
[ristechy.com/first-touch-soccer-2026-fts-mod-apk.html]
[ristechy.com/wp-content/uploads/2025/09/FTS_2026_Mod_Apk_Obb_data-1-390x220.jpg]
[ristechy.com/wp-content/uploads/2026/06/DFL-2026-4.0-Mod-Apk-Data-Update-390x220.jpg]
[ristechy.com/dfl-2026-mod-apk-offline.html]
[ristechy.com/wp-content/uploads/2025/11/Football_Manager_2026_Mobile_Mod_apk-390x220.jpg]
[ristechy.com/football-manager-2026-mobile-fm-26-apk.html]
[ristechy.com/games/soccer.html]
[ristechy.com/wp-content/uploads/2017/06/PPSSPP-GOLD-Apk.jpg.webp]
[ristechy.com/android/page/2.html]
[ristechy.com/android/feed]
[ristechy.com/wp-json/wp/v2/categories/30.json]
[ristechy.com/sportybet-app-download.html]
[ristechy.com/wp-content/uploads/2019/04/SportyBet-App-Download.jpg.webp]
[ristechy.com/bet9ja-old-mobile-coupon-check.html]
[ristechy.com/wp-content/uploads/2019/01/bet9ja-old-mobile-coupon-check.jpg.webp]
[ristechy.com/sportpesa-app-download-android.html]
[ristechy.com/wp-content/uploads/2018/12/sportpesa-app-android.jpg.webp]
[ristechy.com/zarchiver-pro-apk-free-download.html]
[ristechy.com/wp-content/uploads/2017/09/ZArchiver-pro-apk.jpeg.webp]
[ristechy.com/wp-content/uploads/2025/03/RPCS3-Apk-Android-390x220.jpg]
[ristechy.com/android.html]
[ristechy.com/android/i]
[ristechy.com/wp-content/uploads/2019/01/L4D-Ping-Tool-.png.webp]
[ristechy.com/android/Firefox/index.html]
[ristechy.com/android/communication/page/2.html]
[ristechy.com/android/communication/feed]
[ristechy.com/wp-json/wp/v2/categories/31.json]
[ristechy.com/hotspot-shield-vpn-premium-mod-apk.html]
[ristechy.com/wp-content/uploads/2019/05/Hotspot-Shield-vpn-android.png.webp]
[ristechy.com/l4d-ping-tool-apk-download.html]
[ristechy.com/wp-content/uploads/2019/01/Reality-VPN-apk.jpg.webp]
[ristechy.com/reality-vpn-apk.html]
[ristechy.com/psiphon-82-handler.html]
[ristechy.com/wp-content/uploads/2017/12/psiphon82handleruiapk.jpg.webp]
[ristechy.com/psiphon-pro-lite-handler-apk-download.html]
[ristechy.com/wp-content/uploads/2017/04/psiphon-pro-lite-handler.jpg.webp]
[ristechy.com/download-psiphon-pro-apk.html]
[ristechy.com/psiphon-pro-handler-142-apk-download.html]
[ristechy.com/queencee-vpn-apk-download.html]
[ristechy.com/download-psiphon-handler-108.html]
[ristechy.com/android/communication.html]
[ristechy.com/wp-content/uploads/2019/06/Juventus-Home-DLS-Kit-390x220.png]
[ristechy.com/dlskits/page/2.html]
[ristechy.com/dlskits/feed]
[ristechy.com/wp-json/wp/v2/categories/48.json]
[ristechy.com/juventus-kit-dream-league-soccer.html]
[ristechy.com/manchester-united-kits-dream-league-soccer.html]
[ristechy.com/wp-content/uploads/2019/07/Manchester-United-Home-DLS-Kit-390x220.png]
[ristechy.com/chelsea-kits-2019-2020-dream-league-soccer-2019.html]
[ristechy.com/wp-content/uploads/2019/07/Chelsea-Home-DLS-Kit-390x220.png]
[ristechy.com/wp-content/uploads/2019/07/Manchester-City-Home-DLS-Kit-390x220.png]
[ristechy.com/manchester-city-kit-dream-league-soccer.html]
[ristechy.com/wp-content/uploads/2019/07/Tottenham-Home-DLS-Kit-390x220.png]
[ristechy.com/tottenham-hotspur-kit-dream-league-soccer.html]
[ristechy.com/liverpool-dls-kit-dream-league-soccer.html]
[ristechy.com/wp-content/uploads/2019/07/Liverpool-Home-DLS-Kit-390x220.png]
[ristechy.com/psg-dls-kit-dream-league.html]
[ristechy.com/wp-content/uploads/2019/08/PSG-Home-Kit-390x220.png]
[ristechy.com/real-madrid-dls-kits.html]
[ristechy.com/wp-content/uploads/2025/08/Real-home-kit-390x220.png]
[ristechy.com/wp-content/uploads/2025/08/Barcelona-DLS-Kit-new-Home-390x220.png]
[ristechy.com/fc-barcelona-kit-dream-league-soccer.html]
[ristechy.com/wp-content/uploads/2020/01/Barcelona-DLS-Kits-21-home.png.webp]
[ristechy.com/kits-dream-league-soccer-2020-logos.html]
[ristechy.com/dlskits.html]
[ristechy.com/wp-content/uploads/2021/11/RisTechy.png.webp 1x]
[ristechy.com/wp-json/oembed/1.0/embede680.json]
[ristechy.com/wp-json/oembed/1.0/embed46d1]
[ristechy.com/wp-content/plugins/wpforms-lite/assets/css/frontend/classic/wpforms-full.minae43.css]
[ristechy.com/wp-content/themes/jannah/assets/css/single.min0e5f.css]
[ristechy.com/wp-content/themes/jannah/assets/css/print0e5f.css]
[ristechy.com/wp-json/wp/v2/pages/13254.json]
[ristechy.com/wp-content/plugins/wpforms-lite/assets/images/submit-spin.svg]
[ristechy.com/contact.html]
[ristechy.com/wp-content/uploads/2019/10/fifa14-android-mod.jpg.webp]
[ristechy.com/featured/feed]
[ristechy.com/wp-content/plugins/easy-table-of-contents/assets/css/screen.mind44c.css]
[ristechy.com/wp-json/wp/v2/categories/51.json]
[ristechy.com/wp-content/uploads/2025/04/modern-combat-4-mod-apk-obb-390x220.webp]
[ristechy.com/wp-content/uploads/2019/01/NFS_most_wanted.jpg.webp]
[ristechy.com/wp-content/uploads/2020/02/the-amazing-spider-man-2-apk-android.jpg.webp]
[ristechy.com/wp-content/uploads/2020/07/Modern-combat-3-apk-fallen-nation.jpg.webp]
[ristechy.com/fifa-2014-apk-obb-data.html]
[ristechy.com/featured.html]
[ristechy.com/best-ppsspp-games-download-android-psp/feed]
[ristechy.com/wp-json/oembed/1.0/embed44a6.json]
[ristechy.com/wp-json/oembed/1.0/embedb27a]
[ristechy.com/wp-json/wp/v2/posts/11694.json]
[ristechy.com/wp-content/uploads/2025/04/Best-PPSSPP-PSP-Games-download.webp]
[ristechy.com/wp-content/uploads/2020/07/god-of-war-ghost-of-sparta-ppsspp-psp-174x300.jpg.webp]
[ristechy.com/wp-content/uploads/2020/07/assassin-s-creed-bloodlines-ppsspp-psp-172x300.jpg.webp]
[ristechy.com/wp-content/uploads/2020/07/wwe-smackdown-vs-raw-2006-ppsspp-psp-167x300.jpg.webp]
[ristechy.com/wp-content/uploads/2020/07/x-men-origins-wolverine-ppsspp-psp-174x300.jpg.webp]
[ristechy.com/wp-content/uploads/2020/07/Beowulf-the-game-PPSSPP-PSP-173x300.jpg.webp]
[ristechy.com/wp-content/uploads/2020/07/need-for-speed-shift-ppsspp-psp-175x300.jpg.webp]
[ristechy.com/wp-content/uploads/2020/07/need-for-speed-most-wanted-ppsspp-psp-173x300.jpg.webp]
[ristechy.com/wp-content/uploads/2020/07/ghost-rider-ppsspp-psp-170x300.jpg.webp]
[ristechy.com/wp-content/uploads/2021/11/wwe-smackdown-vs-raw-2k14.jpg.webp]
[ristechy.com/wp-content/uploads/2020/07/grand-theft-auto-liberty-city-stories-ppsspp-psp-171x300.jpg.webp]
[ristechy.com/wp-content/uploads/2020/07/mortal-kombat-unchained-ppsspp-psp-174x300.jpg.webp]
[ristechy.com/wp-content/uploads/2020/07/tekken-dark-resurrection-ppsspp-psp-174x300.jpg.webp]
[ristechy.com/wp-content/uploads/2020/07/soulcalibur-broken-destiny-ppsspp-psp-174x300.jpg.webp]
[ristechy.com/wp-content/uploads/2020/07/mach-modified-air-combat-heroes-psp-ppsspp-174x300.jpg.webp]
[ristechy.com/wp-content/uploads/2021/11/FIFA-2014-legacy-edition.jpg.webp]
[ristechy.com/wp-content/uploads/2020/07/tomb-raider-legend-ppsspp-psp-174x300.jpg.webp]
[ristechy.com/wp-content/uploads/2020/07/prince-of-persia-the-forgotten-sands-ppsspp-psp-175x300.jpg.webp]
[ristechy.com/wp-content/uploads/2020/07/naruto-ultimate-ninja-heroes-ppsspp-psp-174x300.jpg.webp]
[ristechy.com/wp-content/uploads/2020/07/crisis-core-final-fantasy-vii-ppsspp-psp-173x300.jpg.webp]
[ristechy.com/wp-content/uploads/2020/07/kingdom-hearts-birth-by-sleep-PPSSPP_PSP-175x300.jpg.webp]
[ristechy.com/wp-content/uploads/2020/07/final-fantasy-tactics-the-war-of-the-lions-ppsspp-psp-174x300.jpg.webp]
[ristechy.com/wp-content/uploads/2020/07/metal-gear-solid-peace-walker-usa-ppsspp-psp-174x300.jpg.webp]
[ristechy.com/wp-content/uploads/2020/07/spider-man-3-usa-ppsspp-psp-173x300.jpg.webp]
[ristechy.com/wp-content/uploads/2020/07/pro-evolution-soccer-2014-ppsspp-psp-175x300.jpg.webp]
[ristechy.com/wp-content/uploads/2020/07/ben-10-alien-force-ppsspp-173x300.jpg.webp]
[ristechy.com/wp-content/uploads/2020/07/moto-gp-ppsspp-psp-174x300.jpg.webp]
[ristechy.com/wp-content/uploads/2020/07/fast-and-the-furious-the-tokyo-drift-ppsspp-psp-175x300.jpg.webp]
[ristechy.com/wp-content/uploads/2020/07/call-of-duty-roads-to-victory-ppsspp-psp-174x300.jpg.webp]
[ristechy.com/wp-content/uploads/2020/07/ben-10-protector-of-earth-ppsspp-psp-173x300.jpg.webp]
[ristechy.com/wp-content/uploads/2020/07/avatar-the-last-airbender-ppsspp-psp-173x300.jpg.webp]
[ristechy.com/wp-content/uploads/2020/07/grand-theft-auto-chinatown-wars-ppsspp-psp-174x300.jpg.webp]
[ristechy.com/wp-content/uploads/2020/07/iron-man-usa-ppsspp-psp-174x300.jpg.webp]
[ristechy.com/wp-content/uploads/2020/07/iron-man-2-ppsspp-psp-174x300.jpg.webp]
[ristechy.com/wp-content/uploads/2020/07/simpsons-game-ppsspp-psp-172x300.jpg.webp]
[ristechy.com/wp-content/uploads/2020/07/sims-2-the-ppsspp-psp-171x300.jpg.webp]
[ristechy.com/wp-content/uploads/2020/07/sims-2-the-castaway-ppsspp-psp-175x300.jpg.webp]
[ristechy.com/wp-content/uploads/2020/07/sims-2-the-pets-ppsspp-psp-173x300.jpg.webp]
[ristechy.com/wp-content/uploads/2020/07/wwe-smackdown-vs-raw-2011-ppsspp-psp-174x300.jpg.webp]
[ristechy.com/wp-content/uploads/2020/12/world-soccer-winning-eleven-2009-psp.jpg.webp]
[ristechy.com/wp-content/uploads/2020/07/x-men-legends-ii-rise-ppsspp-psp-171x300.jpg.webp]
[ristechy.com/wp-content/uploads/2020/07/xiaolin-showdown-ppsspp-psp-174x300.jpg.webp]
[ristechy.com/wp-content/uploads/2020/07/ys-seven-usa-ppsspp-psp-174x300.jpg.webp]
[ristechy.com/wp-content/uploads/2020/07/peter-jackson-s-king-kong-ppsspp-171x300.jpg.webp]
[ristechy.com/wp-content/uploads/2020/07/space-invaders-extreme-ppsspp-psp-175x300.jpg.webp]
[ristechy.com/wp-content/uploads/2020/07/sonic-rivals-ppsspp-psp-175x300.jpg.webp]
[ristechy.com/wp-content/uploads/2020/07/sonic-rivals-2-psp-ppsspp-176x300.jpg.webp]
[ristechy.com/wp-content/uploads/2020/07/spider-man-2-ppsspp-psp-171x300.jpg.webp]
[ristechy.com/wp-content/uploads/2020/07/fifa-soccer-12-ppsspp-psp-173x300.jpg.webp]
[ristechy.com/wp-content/uploads/2020/07/spongebob-s-truth-or-square-ppsspp-psp-172x300.jpg.webp]
[ristechy.com/wp-content/uploads/2020/07/spider-man-web-of-shadows-ppsspp-psp-173x300.jpg.webp]
[ristechy.com/wp-content/uploads/2020/07/spider-man-friend-or-foe-ppsspp-psp-174x300.jpg.webp]
[ristechy.com/wp-content/uploads/2020/07/metal-slug-xx-ppsspp-psp-175x300.jpg.webp]
[ristechy.com/wp-content/uploads/2020/07/spectral-souls-resurrection-of-the-ethereal-empires-ppsspp-psp-171x300.jpg.webp]
[ristechy.com/wp-content/uploads/2020/07/tom-clancy-s-splinter-cell-essentials-ppsspp-psp-174x300.jpg.webp]
[ristechy.com/wp-content/uploads/2020/07/dissidia-012-duodecim-final-fantasy-ppsspp-psp-174x300.jpg.webp]
[ristechy.com/wp-content/uploads/2020/07/resistance-retribution-ppsspp-psp-175x300.jpg.webp]
[ristechy.com/wp-content/uploads/2020/07/prince-of-persia-revelations-ppsspp-psp-174x300.jpg.webp]
[ristechy.com/wp-content/uploads/2020/07/lord-of-arcana-usa-ppsspp-psp-174x300.jpg.webp]
[ristechy.com/wp-content/uploads/2020/07/daxter-ppsspp-psp-174x300.jpg.webp]
[ristechy.com/wp-content/uploads/2020/07/metal-gear-solid-portable-ops-ppsspp-psp-174x300.jpg.webp]
[ristechy.com/wp-content/uploads/2020/07/metal-gear-solid-portable-ops-plus-ppsspp-psp-171x300.jpg.webp]
[ristechy.com/wp-content/uploads/2020/07/wwe-smackdown-vs-raw-2008-ppsspp-psp-174x300.jpg.webp]
[ristechy.com/wp-content/uploads/2020/07/hot-shots-golf-open-tee-ppsspp-psp-171x300.jpg.webp]
[ristechy.com/wp-content/uploads/2020/07/hot-shots-golf-open-tee-2-ppsspp-psp-174x300.jpg.webp]
[ristechy.com/wp-content/uploads/2020/07/race-driver-2006-ppsspp-psp-174x300.jpg.webp]
[ristechy.com/wp-content/uploads/2020/07/wipeout-pulse-europe-ppsspp-psp-175x300.jpg.webp]
[ristechy.com/wp-content/uploads/2020/07/puzzle-quest-challenge-of-the-warlord-ppsspp-psp-174x300.jpg.webp]
[ristechy.com/wp-content/uploads/2020/07/half-minute-hero-ppsspp-psp-173x300.jpg.webp]
[ristechy.com/wp-content/uploads/2020/07/virtua-tennis-world-tour-ppsspp-psp-171x300.jpg.webp]
[ristechy.com/wp-content/uploads/2020/07/syphon-filter-logan-s-shadow-174x300.jpg.webp]
[ristechy.com/wp-content/uploads/2020/07/locoroco-ppsspp-psp-174x300.jpg.webp]
[ristechy.com/wp-content/uploads/2020/07/burnout-legends-ppsspp-psp-171x300.jpg.webp]
[ristechy.com/wp-content/uploads/2020/07/pixel-junk-monsters-deluxe-ppsspp-psp-174x300.jpg.webp]
[ristechy.com/wp-content/uploads/2020/07/little-big-planet-ppsspp-psp-174x300.jpg.webp]
[ristechy.com/wp-content/uploads/2020/07/disgaea-afternoon-of-darkness-ppsspp-psp-172x300.jpg.webp]
[ristechy.com/wp-content/uploads/2020/07/ridge-racer-ppsspp-psp-171x300.jpg.webp]
[ristechy.com/wp-content/uploads/2020/07/tactics-ogre-let-us-cling-together-ppsspp-psp-173x300.jpg.webp]
[ristechy.com/wp-content/uploads/2020/07/lumines-ppsspp-psp-171x300.jpg.webp]
[ristechy.com/wp-content/uploads/2020/07/field-commander-ppsspp-psp-173x300.jpg.webp]
[ristechy.com/wp-content/uploads/2020/07/fifa-street-2-ppsspp-psp-174x300.jpg.webp]
[ristechy.com/wp-content/uploads/2020/07/motorstorm-arctic-edge-ppsspp-psp-173x300.jpg.webp]
[ristechy.com/wp-content/uploads/2020/07/gran-turismo-ppsspp-psp-174x300.jpg.webp]
[ristechy.com/wp-content/uploads/2020/07/test-drive-unlimited-ppsspp-psp-170x300.jpg.webp]
[ristechy.com/wp-content/uploads/2020/07/flatout-head-on-ppsspp-psp-176x300.jpg.webp]
[ristechy.com/wp-content/uploads/2020/07/sega-rally-revo-ppsspp-psp-174x300.jpg.webp]
[ristechy.com/wp-content/uploads/2020/07/street-supremacy-ppsspp-psp-174x300.jpg.webp]
[ristechy.com/wp-content/uploads/2020/07/gripshift-ppsspp-psp-171x300.jpg.webp]
[ristechy.com/wp-content/uploads/2020/07/pursuit-force-ppsspp-psp-174x300.jpg.webp]
[ristechy.com/wp-content/uploads/2020/07/pursuit-force-extreme-justice-ppsspp-psp-174x300.png.webp]
[ristechy.com/wp-content/uploads/2020/07/justice-league-heroes-ppsspp-psp-174x300.jpg.webp]
[ristechy.com/wp-content/uploads/2020/07/transformers-revenge-of-the-fallen-ppsspp-psp-175x300.jpg.webp]
[ristechy.com/wp-content/uploads/2020/07/ultimate-ghosts-n-goblins-ppsspp-psp-175x300.jpg.webp]
[ristechy.com/wp-content/uploads/2020/07/lord-of-the-rings-the-tactics-ppsspp-psp-174x300.jpg.webp]
[ristechy.com/wp-content/uploads/2020/07/tekken-6-ppsspp-psp-174x300.jpg.webp]
[ristechy.com/wp-content/uploads/2020/07/hot-wheels-ultimate-racing-ppsspp-psp-174x300.jpg.webp]
[ristechy.com/wp-content/uploads/2020/07/hunter-x-hunter-wonder-adventure-ppsspp-psp-174x300.jpg.webp]
[ristechy.com/wp-content/uploads/2020/07/naruto-shippuden-ultimate-ninja-impact-ppsspp-psp-173x300.jpg.webp]
[ristechy.com/wp-content/uploads/2020/07/dante-s-inferno-ppsspp-psp-173x300.jpg.webp]
[ristechy.com/wp-content/uploads/2020/07/army-of-two-the-40th-day-ppsspp-psp-174x300.jpg.webp]
[ristechy.com/wp-content/uploads/2019/05/PES-2019-PPSSPP-PSP-iso-update-300x150.jpg.webp]
[ristechy.com/pes-2019-ppsspp-iso-english.html]
[ristechy.com/wp-content/uploads/2020/01/PES-2020-PPSSPP-PSP-Iso-Liverpool-Edition-300x151.jpg.webp]
[ristechy.com/pes-2020-iso-ppsspp-psp-download.html]
[ristechy.com/wp-content/uploads/2020/03/prince-of-persia-revelations-ppsspp-iso-apk-300x166.jpg.webp]
[ristechy.com/best-ppsspp-games-download-android-psp.html]
[ristechy.com/wp-content/uploads/2025/04/modern-combat-4-mod-apk-obb.webp]
[ristechy.com/modern-combat-4-mod-apk-mc4/feed]
[ristechy.com/wp-json/oembed/1.0/embedb672.json]
[ristechy.com/wp-json/oembed/1.0/embeda0cb]
[ristechy.com/wp-json/wp/v2/posts/13985.json]
[ristechy.com/wp-content/cache/min/1/wp-content/plugins/shortcodes-ultimate/includes/css/icons0cd6.css]
[ristechy.com/wp-content/cache/min/1/wp-content/plugins/shortcodes-ultimate/includes/css/shortcodes0cd6.css]
[ristechy.com/modern-combat-4-mod-apk-mc4.html]
[ristechy.com/need-for-speed-most-wanted-apk-mod/feed]
[ristechy.com/wp-json/oembed/1.0/embed566f.json]
[ristechy.com/wp-json/oembed/1.0/embedd76c]
[ristechy.com/wp-json/wp/v2/posts/5528.json]
[ristechy.com/need-for-speed-most-wanted-apk-mod.html]
[ristechy.com/the-amazing-spider-man-apk-obb-data/feed]
[ristechy.com/wp-json/oembed/1.0/embed413e.json]
[ristechy.com/wp-json/oembed/1.0/embedce97]
[ristechy.com/wp-json/wp/v2/posts/5696.json]
[ristechy.com/the-amazing-spider-man-apk-obb-data.html]
[ristechy.com/modern-combat-3-mod-apk-fallen-nation/feed]
[ristechy.com/wp-json/oembed/1.0/embedbff7.json]
[ristechy.com/wp-json/oembed/1.0/embedf1f2]
[ristechy.com/wp-json/wp/v2/posts/10382.json]
[ristechy.com/wp-content/uploads/2020/07/Modern-combat-3-apk-fallen-nation-1024x509.jpg.webp]
[ristechy.com/modern-combat-3-mod-apk-fallen-nation.html]
[ristechy.com/wp-content/uploads/2026/01/Subway_Surfers_City_Mod_apk.jpg]
[ristechy.com/subway-surfers-city-mod-apk/feed]
[ristechy.com/wp-json/oembed/1.0/embed9daa.json]
[ristechy.com/wp-json/oembed/1.0/embed8f3f]
[ristechy.com/wp-json/wp/v2/posts/19687.json]
[ristechy.com/subway-surfers-mod-apk-1.html]
[ristechy.com/subway-surfers-mod-apk-osmdroid-2.html]
[ristechy.com/subway-surfers-city-mod-apk.html]
[ristechy.com/football-league-2025-mod-apk/feed]
[ristechy.com/wp-json/oembed/1.0/embed0b1e.json]
[ristechy.com/wp-json/oembed/1.0/embedfec3]
[ristechy.com/wp-json/wp/v2/posts/18349.json]
[ristechy.com/dfl-2025-mod-fifa-16-apk-obb.html]
[ristechy.com/wp-content/uploads/2025/09/Football_League_2026_Mod_Apk_Obb.jpg]
[ristechy.com/first-touch-soccer-2025-fts-mod-apk.html]
[ristechy.com/dream-league-soccer-2025-dls-25-mod-apk.html]
[ristechy.com/football-league-2025-mod-apk.html]
[ristechy.com/wp-content/uploads/2026/01/UFL-Soccer-Game-Apk.jpg]
[ristechy.com/ufl-soccer-game-apk/feed]
[ristechy.com/wp-json/oembed/1.0/embed6037.json]
[ristechy.com/wp-json/oembed/1.0/embed211b]
[ristechy.com/wp-json/wp/v2/posts/19723.json]
[ristechy.com/fifa-soccer-mobile-apk.html]
[ristechy.com/efootball-pes-2023-apk-obb-0.html]
[ristechy.com/ufl-soccer-game-apk.html]
[ristechy.com/soccer-manager-mod-apk/feed]
[ristechy.com/wp-json/oembed/1.0/embed8fe8.json]
[ristechy.com/wp-json/oembed/1.0/embed18a2]
[ristechy.com/wp-json/wp/v2/posts/18443.json]
[ristechy.com/football-manager-2024-mobile-fm-apk-2.html]
[ristechy.com/wp-content/uploads/2025/08/Soccer-Manager-Mod-Apk-2026.jpg]
[ristechy.com/soccer-manager-mod-apk.html]
[ristechy.com/wp-content/uploads/2023/11/Screenshot_2023-11-16-09-53-17-380_com.galasports.totalfootball.global.jpg]
[ristechy.com/total-football-apk-obb/feed]
[ristechy.com/wp-json/oembed/1.0/embeddebb.json]
[ristechy.com/wp-json/oembed/1.0/embed88e5]
[ristechy.com/wp-json/wp/v2/posts/15740.json]
[ristechy.com/404]
[ristechy.com/total-football-apk-obb.html]
[ristechy.com/shadow-fight-2-mod-apk-2/feed]
[ristechy.com/wp-json/oembed/1.0/embedd399.json]
[ristechy.com/wp-json/oembed/1.0/embeda8b5]
[ristechy.com/wp-json/wp/v2/posts/2325.json]
[ristechy.com/shadow-fight-2-mod-level-99-apk-1.html]
[ristechy.com/shadow-fight-2-max-level-52-mod-apk-1.html]
[ristechy.com/shadow-fight-2-mod-apk-2.html]
[ristechy.com/wp-content/uploads/2026/01/DLS-2026-Mod-Apk-Obb-1024x462.webp]
[ristechy.com/dream-league-2026-dls-26-mod-apk/feed]
[ristechy.com/wp-json/oembed/1.0/embed9b08.json]
[ristechy.com/wp-json/oembed/1.0/embedc833]
[ristechy.com/wp-json/wp/v2/posts/19458.json]
[ristechy.com/tag/dream-league-soccer-dls.html]
[ristechy.com/dream-league-2026-dls-26-mod-apk.html]
[ristechy.com/ppsspp-gold-apk/feed]
[ristechy.com/wp-json/oembed/1.0/embed7431.json]
[ristechy.com/wp-json/oembed/1.0/embeda79d]
[ristechy.com/wp-json/wp/v2/posts/4004.json]
[ristechy.com/pes-2023-ppsspp.html]
[ristechy.com/pes-2025-ppsspp-psp-iso-efootball.html]
[ristechy.com/wp-content/uploads/2022/12/PPSSPP-PSP-Gold-Apk_3.jpg.webp]
[ristechy.com/wp-content/uploads/2022/12/PPSSPP-PSP-Gold-Apk_4.jpg.webp]
[ristechy.com/wp-content/uploads/2022/12/PPSSPP-PSP-Gold-Apk_2.jpg.webp]
[ristechy.com/wp-content/uploads/2022/12/PPSSPP-PSP-Gold-Apk_1.jpg.webp]
[ristechy.com/old-bet9ja-2-mobile-app-apk.html]
[ristechy.com/wp-content/uploads/2018/12/bet9ja-mobile-featured.jpg.webp]
[ristechy.com/ppsspp-gold-apk.html]
[ristechy.com/spotify-premium-apk/feed]
[ristechy.com/wp-json/oembed/1.0/embeda94e.json]
[ristechy.com/wp-json/oembed/1.0/embedf348]
[ristechy.com/wp-json/wp/v2/posts/2717.json]
[ristechy.com/spotify-premium-apk.html]
[ristechy.com/psiphon-pro-unlimited-speed-apk/feed]
[ristechy.com/wp-json/oembed/1.0/embeda1e6.json]
[ristechy.com/wp-json/oembed/1.0/embeda862]
[ristechy.com/wp-json/wp/v2/posts/4693.json]
[ristechy.com/tag/psiphon.html]
[ristechy.com/psiphon-pro-unlimited-speed-apk.html]
[ristechy.com/wp-content/uploads/2019/06/PPSSPP-PSP-Emulator-Android.jpg.webp]
[ristechy.com/ppsspp-psp-emulator-apk/feed]
[ristechy.com/wp-json/oembed/1.0/embedd8ce.json]
[ristechy.com/wp-json/oembed/1.0/embed9b9e]
[ristechy.com/wp-json/wp/v2/posts/6815.json]
[ristechy.com/ppsspp-psp-emulator-apk.html]
[ristechy.com/epsxe-full-apk-ps1-emulator-android/feed]
[ristechy.com/wp-json/oembed/1.0/embed6ab4.json]
[ristechy.com/wp-json/oembed/1.0/embedb0a5]
[ristechy.com/wp-json/wp/v2/posts/10482.json]
[ristechy.com/epsxe-full-apk-ps1-emulator-android.html]
[ristechy.com/rpcs3-apk-android/feed]
[ristechy.com/wp-json/oembed/1.0/embed6209.json]
[ristechy.com/wp-json/oembed/1.0/embed148b]
[ristechy.com/wp-includes/blocks/paragraph/style.min99d2.css]
[ristechy.com/wp-json/wp/v2/posts/18366.json]
[ristechy.com/wp-content/uploads/2025/03/RPCS3-Apk-Android.jpg]
[ristechy.com/gta-5-android-apk-data.html]
[ristechy.com/rpcs3-apk-android.html]
[ristechy.com/betika-app-apk-download/feed]
[ristechy.com/wp-json/oembed/1.0/embed56e7.json]
[ristechy.com/wp-json/oembed/1.0/embed11c4]
[ristechy.com/wp-json/wp/v2/posts/7620.json]
[ristechy.com/wp-content/uploads/2019/08/Betika-App-Android-apk-300x240.jpeg.webp]
[ristechy.com/betika-app-apk-download.html]
[ristechy.com/nordvpn-apk-android/feed]
[ristechy.com/wp-json/oembed/1.0/embed187d.json]
[ristechy.com/wp-json/oembed/1.0/embedb023]
[ristechy.com/wp-json/wp/v2/posts/10563.json]
[ristechy.com/nordvpn-apk-android.html]
[ristechy.com/wp-content/uploads/2020/04/Traffic-Rider-Mod-apk-2-1.png.webp]
[ristechy.com/traffic-rider-mod-apk-download/feed]
[ristechy.com/wp-json/oembed/1.0/embed787b.json]
[ristechy.com/wp-json/oembed/1.0/embed7c63]
[ristechy.com/wp-json/wp/v2/posts/9465.json]
[ristechy.com/traffic-rider-mod-apk-download.html]
[ristechy.com/wp-content/uploads/2021/11/RisTechy.png]
[ristechy.com/aethersx2-apk-android/feed]
[ristechy.com/wp-json/oembed/1.0/embedf343.json]
[ristechy.com/wp-json/oembed/1.0/embed2bf0]
[ristechy.com/wp-json/wp/v2/posts/13574.json]
[ristechy.com/aethersx2-apk-android.html]
[ristechy.com/wp-json/oembed/1.0/embed3d11.json]
[ristechy.com/wp-json/oembed/1.0/embedd24d]
[ristechy.com/privacy.html]
[ristechy.com/wp-json/wp/v2/pages/13248.json]
[ristechy.com/wp-json/oembed/1.0/embedccd9.json]
[ristechy.com/wp-json/oembed/1.0/embedba9e]
[ristechy.com/about.html]
[ristechy.com/wp-content/themes/jannah/assets/fonts/tielabs-fonticon/tielabs-fonticon519d.svg]
[ristechy.com/wp-content/themes/jannah/assets/fonts/fontawesome/fa-brands-400.svg]
[ristechy.com/wp-content/themes/jannah/assets/fonts/fontawesome/fa-regular-400.svg]
[ristechy.com/wp-content/themes/jannah/assets/fonts/fontawesome/fa-solid-900.svg]
[ristechy.com/wp-content/themes/jannah/assets/ilightbox/dark-skin/ilightbox/closedhand.html]
[ristechy.com/wp-json/wp/v2/pages/13263.json]
[ristechy.com/games/page/i]
[ristechy.com/wp-content/uploads/2023/11/Screenshot_2023-11-16-09-53-17-380_com.galasports.totalfootball.global-780x470.jpg]
[ristechy.com/wp-content/uploads/2025/09/Football_League_2026_Mod_Apk_Obb-780x470.jpg]
[ristechy.com/games/page/3.html]
[ristechy.com/wp-content/uploads/2019/01/shadow-fight-2-level-99.jpg]
[ristechy.com/games/page/Firefox/index.html]
[ristechy.com/wp-content/uploads/2026/01/DLS-2026-Mod-Apk-Obb-780x470.webp]
[ristechy.com/wp-content/uploads/2026/02/Car-parking-multiplayer-mod-apk-390x220.webp]
[ristechy.com/car-parking-multiplayer-mod-apk.html]
[ristechy.com/wp-content/uploads/2020/06/Call-Of-Duty-Mobile-Highly-Compressed.jpg.webp]
[ristechy.com/call-of-duty-mobile-highly-compressed.html]
[ristechy.com/gta-san-andreas-apk-obb-highly-compressed.html]
[ristechy.com/wp-content/uploads/2019/09/GTA-San-Andreas-Highly-Compressed-Android.jpg.webp]
[ristechy.com/wp-content/uploads/2019/10/monster-hunter-stories-mod-apk.jpg.webp]
[ristechy.com/monster-hunter-stories-mod-apk.html]
[ristechy.com/wp-content/uploads/2025/12/Red_Dead_Redemption_mod_netflix_android-390x220.jpg]
[ristechy.com/red-dead-redemption-netflix-mod-apk.html]
[ristechy.com/games/page/2.html]
[ristechy.com/games/i.html]
[ristechy.com/games/Firefox/index.html]
[ristechy.com/games/soccer/page/i]
[ristechy.com/wp-content/uploads/2025/05/ea-sports-fc_26-mobile-fifa-390x220.webp]
[ristechy.com/games/soccer/page/3.html]
[ristechy.com/games/soccer/page/Firefox/index.html]
[ristechy.com/mini-football-mod-apk.html]
[ristechy.com/wp-content/uploads/2026/01/mini_football_mod_apk-390x220.jpg]
[ristechy.com/fifa-16-mod-fifa-26-apk-offline.html]
[ristechy.com/wp-content/uploads/2025/10/FIFA_2026_Mod_FIFA_16_Apk_Obb-Data_fc_26-390x220.jpg]
[ristechy.com/wp-content/uploads/2025/05/DFL-2025-Mod-Apk-Obb-Data-V3-390x220.jpg]
[ristechy.com/fifa-16-mod-apk-obb-offline.html]
[ristechy.com/wp-content/uploads/2024/10/FIFA-16-Mod-Fifa-2025-Apk-Obb-Data-390x220.jpg]
[ristechy.com/fifa-2026-mod-fifa-14-apk-offline.html]
[ristechy.com/wp-content/uploads/2025/09/FIFA_2026_mod_apk_download-1-390x220.jpg]
[ristechy.com/wp-content/uploads/2025/08/eFootball-mobile-2026-apk-android-390x220.jpg]
[ristechy.com/be-a-pro-football-apk.html]
[ristechy.com/wp-content/uploads/2025/03/Be-A-Pro-Football-Apk-Obb-390x220.jpg]
[ristechy.com/winning-eleven-2026-we-2026-mod-apk.html]
[ristechy.com/wp-content/uploads/2026/02/Winning_eleven_2026_mod_apk-390x220.jpg]
[ristechy.com/fifa-2025-mod-fifa-14-fc-apk-offline.html]
[ristechy.com/wp-content/uploads/2024/09/FIFA-2025-Mod-14-apk-obb-data-offline-ra-sports-fc-390x220.jpg]
[ristechy.com/games/soccer/page/2.html]
[ristechy.com/wp-content/uploads/2026/02/Soccer-Superstar-Mod-Apk.jpg]
[ristechy.com/soccer-superstar-mod-apk/feed]
[ristechy.com/wp-json/oembed/1.0/embed8b84.json]
[ristechy.com/wp-json/oembed/1.0/embedc8b6]
[ristechy.com/soccer-superstar-mod-apk.html]
[ristechy.com/wp-json/wp/v2/posts/19940.json]
[ristechy.com/pes-2026-ppsspp-psp-iso-efootball/feed]
[ristechy.com/wp-json/oembed/1.0/embed86bc.json]
[ristechy.com/wp-json/oembed/1.0/embed6c84]
[ristechy.com/wp-json/wp/v2/posts/18871.json]
[ristechy.com/pes-2024-ppsspp-psp-iso.html]
[ristechy.com/wp-content/uploads/2026/01/pes_efootball_2026_ppsspp_iso_download.webp]
[ristechy.com/wp-content/uploads/2025/08/how_to_install_pes_2026_ppsspp_iso_efootball_11.jpg]
[ristechy.com/pes-2022-ppsspp-psp-iso.html]
[ristechy.com/wp-content/uploads/2025/08/PES-2026-ppsspp-psp_iso_efootball_2.jpg]
[ristechy.com/wp-content/uploads/2025/08/PES-2026-ppsspp-psp_iso_efootball_3.jpg]
[ristechy.com/wp-content/uploads/2025/08/PES-2026-ppsspp-psp_iso_efootball_4.jpg]
[ristechy.com/wp-content/uploads/2025/08/PES-2026-ppsspp-psp_iso_efootball_5.jpg]
[ristechy.com/wp-content/uploads/2025/08/PES-2026-ppsspp-psp_iso_efootball_6.jpg]
[ristechy.com/pes-2026-ppsspp-psp-iso-efootball.html]
[ristechy.com/wp-content/uploads/2025/09/FTS_2026_Mod_Apk_Obb_data-1.jpg]
[ristechy.com/tag/pes-ppsspp-psp-games.html]
[ristechy.com/first-touch-soccer-2026-fts-mod-apk/feed]
[ristechy.com/wp-json/oembed/1.0/embed32c0.json]
[ristechy.com/wp-json/oembed/1.0/embedf1ab]
[ristechy.com/wp-json/wp/v2/posts/19123.json]
[ristechy.com/first-touch-soccer-2023-fts-mod-apk.html]
[ristechy.com/wp-content/uploads/2025/09/How_To_Install_FTS_2026_Mod_Apk_0.jpg]
[ristechy.com/first-touch-soccer-2024-fts-mod-apk.html]
[ristechy.com/wp-content/uploads/2025/09/How_To_Install_FTS_2026_Mod_Apk_1.jpg]
[ristechy.com/wp-content/uploads/2025/09/How_To_Install_FTS_2026_Mod_Apk_2.jpg]
[ristechy.com/wp-content/uploads/2025/09/How_To_Install_FTS_2026_Mod_Apk_3.jpg]
[ristechy.com/wp-content/uploads/2025/09/How_To_Install_FTS_2026_Mod_Apk_4.jpg]
[ristechy.com/wp-content/uploads/2025/09/How_To_Install_FTS_2026_Mod_Apk_5.jpg]
[ristechy.com/wp-content/uploads/2025/09/How_To_Install_FTS_2026_Mod_Apk_6.jpg]
[ristechy.com/wp-content/uploads/2025/09/Screenshot_20250928_105159.jpg]
[ristechy.com/wp-content/uploads/2025/09/How_To_Install_FTS_2026_Mod_Apk_8.jpg]
[ristechy.com/first-touch-soccer-2026-fts-mod-apk.html]
[ristechy.com/tag/fts.html]
[ristechy.com/dfl-2026-mod-apk-offline/feed]
[ristechy.com/wp-json/oembed/1.0/embed0668.json]
[ristechy.com/wp-json/oembed/1.0/embedb17f]
[ristechy.com/wp-json/wp/v2/posts/18943.json]
[ristechy.com/wp-content/uploads/2026/06/DFL-2026-4.0-Mod-Apk-Data-Update.jpg]
[ristechy.com/dfl-2026-mod-apk-offline.html]
[ristechy.com/wp-content/uploads/2025/11/Football_Manager_2026_Mobile_Mod_apk.jpg]
[ristechy.com/football-manager-2026-mobile-fm-26-apk/feed]
[ristechy.com/wp-json/oembed/1.0/embed01ee.json]
[ristechy.com/wp-json/oembed/1.0/embed3f48]
[ristechy.com/wp-json/wp/v2/posts/19255.json]
[ristechy.com/football-manager-2023-mobile-fm-23-apk-0.html]
[ristechy.com/cdn-cgi/l/email-protection]
[ristechy.com/football-manager-2022-mobile-fm-apk.html]
[ristechy.com/cdn-cgi/scripts/5c5dd728/cloudflare-static/email-decode.min.js]
[ristechy.com/football-manager-2026-mobile-fm-26-apk.html]
[ristechy.com/android/page/i]
[ristechy.com/android/page/3.html]
[ristechy.com/netboom-apk-download.html]
[ristechy.com/android/page/Firefox/index.html]
[ristechy.com/wp-content/uploads/2019/12/Netboom-Apk.jpg.webp]
[ristechy.com/super-vpn-apk-free-download.html]
[ristechy.com/wp-content/uploads/2018/02/com.jrzheng.supervpnfree-featured.jpg.webp]
[ristechy.com/bet9ja-mobile-app-android.html]
[ristechy.com/wp-content/uploads/2019/01/bet9ja-mobile-app-1.png.webp]
[ristechy.com/damon-ps2-pro-apk.html]
[ristechy.com/wp-content/uploads/2019/02/damonps2.png.webp]
[ristechy.com/ucmini1042-handler-ui-400-apk-download.html]
[ristechy.com/wp-content/uploads/2018/01/uc-mini-10.4.2-handler.jpg.webp]
[ristechy.com/android/page/2.html]
[ristechy.com/sportybet-app-download/feed]
[ristechy.com/wp-json/oembed/1.0/embed1d5a.json]
[ristechy.com/wp-json/oembed/1.0/embedd894]
[ristechy.com/wp-json/wp/v2/posts/6347.json]
[ristechy.com/wp-content/uploads/2019/04/SportyBet-App-Download-300x286.jpg.webp]
[ristechy.com/sportybet-app-download.html]
[ristechy.com/bet9ja-old-mobile-coupon-check/feed]
[ristechy.com/wp-json/oembed/1.0/embed79a2.json]
[ristechy.com/wp-json/oembed/1.0/embed0fef]
[ristechy.com/bet9ja-old-mobile-coupon-check.html]
[ristechy.com/wp-json/wp/v2/posts/5601.json]
[ristechy.com/wp-content/uploads/2019/06/Sportpesa-app-apk-download-518x1024.jpeg.webp]
[ristechy.com/sportpesa-app-download-android/feed]
[ristechy.com/wp-json/oembed/1.0/embed022c.json]
[ristechy.com/wp-json/oembed/1.0/embedb414]
[ristechy.com/sportpesa-app-download-android.html]
[ristechy.com/wp-json/wp/v2/posts/4911.json]
[ristechy.com/zarchiver-pro-apk-free-download/feed]
[ristechy.com/wp-json/oembed/1.0/embed7a82.json]
[ristechy.com/wp-json/oembed/1.0/embed6c43]
[ristechy.com/zarchiver-pro-apk-free-download.html]
[ristechy.com/android/i.html]
[ristechy.com/android/Firefox/index.html]
[ristechy.com/wp-json/wp/v2/posts/3999.json]
[ristechy.com/android/communication/page/i]
[ristechy.com/download-tweakware-vpn-apk.html]
[ristechy.com/android/communication/page/Firefox/index.html]
[ristechy.com/psiphon-89-handler-ui.html]
[ristechy.com/psiphon-91-handler-ui.html]
[ristechy.com/download-psiphon-pro-154-for-android.html]
[ristechy.com/android/communication/page/2.html]
[ristechy.com/download-psiphon-pro.html]
[ristechy.com/hotspot-shield-vpn-premium-mod-apk/feed]
[ristechy.com/wp-json/oembed/1.0/embed73e7.json]
[ristechy.com/wp-json/oembed/1.0/embedc4be]
[ristechy.com/hotspot-shield-vpn-premium-mod-apk.html]
[ristechy.com/wp-json/wp/v2/posts/6640.json]
[ristechy.com/l4d-ping-tool-apk-download/feed]
[ristechy.com/wp-json/oembed/1.0/embed0f93.json]
[ristechy.com/wp-json/oembed/1.0/embedc1b8]
[ristechy.com/l4d-ping-tool-apk-download.html]
[ristechy.com/wp-json/wp/v2/posts/11371.json]
[ristechy.com/reality-vpn-apk/feed]
[ristechy.com/wp-json/oembed/1.0/embedf2fa.json]
[ristechy.com/wp-json/oembed/1.0/embed30ed]
[ristechy.com/wp-json/wp/v2/posts/11372.json]
[ristechy.com/download-reality-vpn-38-apk-and-enjoy]
[ristechy.com/files/Reality VPN 6.7-RisTechy.com.apk]
[ristechy.com/reality-vpn-apk.html]
[ristechy.com/tag/reality-vpn.html]
[ristechy.com/wp-content/uploads/2017/12/psiphon82handleruiapk-1.jpg.webp]
[ristechy.com/psiphon-82-handler/feed]
[ristechy.com/wp-json/oembed/1.0/embed2b85.json]
[ristechy.com/wp-json/oembed/1.0/embed767b]
[ristechy.com/wp-json/wp/v2/posts/4001.json]
[ristechy.com/tag/psiphon-handler.html]
[ristechy.com/psiphon-82-handler.html]
[ristechy.com/wp-content/uploads/2017/04/psiphon-pro-lite-handler-1.jpg.webp]
[ristechy.com/psiphon-pro-lite-handler-apk-download/feed]
[ristechy.com/wp-json/oembed/1.0/embed28b9.json]
[ristechy.com/wp-json/oembed/1.0/embed5f9a]
[ristechy.com/psiphon-pro-lite-handler-apk-download.html]
[ristechy.com/wp-json/wp/v2/posts/10446.json]
[ristechy.com/download-psiphon-pro-apk/feed]
[ristechy.com/wp-json/oembed/1.0/embedc002.json]
[ristechy.com/wp-json/oembed/1.0/embed5a52]
[ristechy.com/wp-json/wp/v2/posts/123.json]
[ristechy.com/download-psiphon-pro-apk.html]
[ristechy.com/wp-content/plugins/wp-rocket/assets/js/wpr-beacon.min.js]
[ristechy.com/psiphon-pro-handler-142-apk-download/feed]
[ristechy.com/wp-json/oembed/1.0/embed6ee0.json]
[ristechy.com/wp-json/oembed/1.0/embed6163]
[ristechy.com/psiphon-pro-handler-142-apk-download.html]
[ristechy.com/wp-json/wp/v2/posts/124.json]
[ristechy.com/queencee-vpn-apk-download/feed]
[ristechy.com/wp-json/oembed/1.0/embedb2b4.json]
[ristechy.com/wp-json/oembed/1.0/embed3682]
[ristechy.com/queencee-vpn-apk-download.html]
[ristechy.com/wp-json/wp/v2/posts/126.json]
[ristechy.com/download-psiphon-handler-108/feed]
[ristechy.com/wp-json/oembed/1.0/embedefe6.json]
[ristechy.com/wp-json/oembed/1.0/embede5bb]
[ristechy.com/download-psiphon-handler-108.html]
[ristechy.com/wp-json/wp/v2/posts/114.json]
[ristechy.com/dlskits/page/i]
[ristechy.com/corinthians-dls-kit-dream-league.html]
[ristechy.com/wp-content/uploads/2019/08/Corinthians-Home-DLS-Kit-390x220.png]
[ristechy.com/dlskits/page/2.html]
[ristechy.com/wp-content/uploads/2019/06/Juventus-Home-DLS-Kit.png]
[ristechy.com/dlskits/page/Firefox/index.html]
[ristechy.com/juventus-kit-dream-league-soccer/feed]
[ristechy.com/wp-json/oembed/1.0/embedbbb5.json]
[ristechy.com/wp-json/oembed/1.0/embed39ef]
[ristechy.com/wp-json/wp/v2/posts/4805.json]
[ristechy.com/wp-content/uploads/2019/06/Juventus-Away-DLS-Kit.png]
[ristechy.com/wp-content/uploads/2019/06/Juventus-Third-DLS-Kit.png]
[ristechy.com/wp-content/uploads/2019/06/Juventus-Home-GK-DLS-Kit-ed.png]
[ristechy.com/wp-content/uploads/2019/06/Juventus-Away-GK-DLS-Kit.png]
[ristechy.com/wp-content/uploads/2018/11/juventus-logo-DLS-300x300.png.webp]
[ristechy.com/juventus-kit-dream-league-soccer.html]
[ristechy.com/wp-content/uploads/2019/07/Manchester-United-Home-DLS-Kit.png]
[ristechy.com/manchester-united-kits-dream-league-soccer/feed]
[ristechy.com/wp-json/oembed/1.0/embedafb1.json]
[ristechy.com/wp-json/oembed/1.0/embed0271]
[ristechy.com/wp-json/wp/v2/posts/7251.json]
[ristechy.com/first-touch-soccer-2020-mod-apk.html]
[ristechy.com/wp-content/uploads/2019/07/Manchester-United-Away-DLS-Kit.png]
[ristechy.com/wp-content/uploads/2019/07/Manchester-United-Third-DLS-Kit.png]
[ristechy.com/wp-content/uploads/2019/07/Manchester-United-Home-GK-DLS-Kit.png]
[ristechy.com/wp-content/uploads/2019/07/Manchester-United-Away-GK-DLS-Kit.png]
[ristechy.com/wp-content/uploads/2019/07/Manchester-United-DLS-Logo-300x300.png.webp]
[ristechy.com/manchester-united-kits-dream-league-soccer.html]
[ristechy.com/wp-content/uploads/2019/07/Chelsea-Home-DLS-Kit.png]
[ristechy.com/chelsea-kits-2019-2020-dream-league-soccer-2019/feed]
[ristechy.com/wp-json/oembed/1.0/embed3067.json]
[ristechy.com/wp-json/oembed/1.0/embed23ad]
[ristechy.com/wp-json/wp/v2/posts/7264.json]
[ristechy.com/wp-content/uploads/2019/07/Chelsea-Away-DLS-Kit.png]
[ristechy.com/wp-content/uploads/2019/07/Chelsea-Third-DLS-Kit.png]
[ristechy.com/wp-content/uploads/2019/07/Chelsea-Home-GK-DLS-Kit.png]
[ristechy.com/wp-content/uploads/2019/07/Chelsea-Away-GK-DLS-Kit.png]
[ristechy.com/wp-content/uploads/2019/07/Logo-Chelsea-DLS-300x300.png.webp]
[ristechy.com/chelsea-kits-2019-2020-dream-league-soccer-2019.html]
[ristechy.com/manchester-city-kit-dream-league-soccer/feed]
[ristechy.com/wp-json/oembed/1.0/embed1180.json]
[ristechy.com/wp-json/oembed/1.0/embed5326]
[ristechy.com/wp-json/wp/v2/posts/7274.json]
[ristechy.com/wp-content/uploads/2019/07/Manchester-City-Home-DLS-Kit.png]
[ristechy.com/wp-content/uploads/2019/07/Manchester-City-Away-DLS-Kit.png]
[ristechy.com/wp-content/uploads/2019/07/Manchester-City-Third-DLS-Kit.png]
[ristechy.com/wp-content/uploads/2019/07/Manchester-City-Home-Gk-DLS-Kit.png]
[ristechy.com/wp-content/uploads/2019/07/Manchester-City-Away-Gk-DLS-Kit.png]
[ristechy.com/wp-content/uploads/2019/07/Manchester-City-DLS-Logo-300x300.png.webp]
[ristechy.com/manchester-city-kit-dream-league-soccer.html]
[ristechy.com/tottenham-hotspur-kit-dream-league-soccer/feed]
[ristechy.com/wp-json/oembed/1.0/embeda71d.json]
[ristechy.com/wp-json/oembed/1.0/embed02b1]
[ristechy.com/wp-json/wp/v2/posts/7324.json]
[ristechy.com/dream-league-soccer-2024-dls-24-mod-apk.html]
[ristechy.com/wp-content/uploads/2019/07/Tottenham-Home-DLS-Kit.png]
[ristechy.com/wp-content/uploads/2019/07/Tottenham-Away-DLS-Kit.png]
[ristechy.com/wp-content/uploads/2019/07/Tottenham-Home-DLS-GK-Kit.png]
[ristechy.com/wp-content/uploads/2019/07/Tottenham-Away-DLS-GK-Kit.png]
[ristechy.com/wp-content/uploads/2019/07/Tottenham-Hotspur-Logo-300x300.png.webp]
[ristechy.com/tottenham-hotspur-kit-dream-league-soccer.html]
[ristechy.com/wp-content/uploads/2019/07/Liverpool-Home-DLS-Kit.png]
[ristechy.com/liverpool-dls-kit-dream-league-soccer/feed]
[ristechy.com/wp-json/oembed/1.0/embed879d.json]
[ristechy.com/wp-json/oembed/1.0/embed9f4c]
[ristechy.com/wp-json/wp/v2/posts/7285.json]
[ristechy.com/wp-content/uploads/2019/07/Liverpool-Away-DLS-Kit.png]
[ristechy.com/wp-content/uploads/2019/07/Liverpool-Third-DLS-Kit.png]
[ristechy.com/wp-content/uploads/2019/07/Liverpool-Home-DLS-GK-Kit.png]
[ristechy.com/wp-content/uploads/2019/07/Liverpool-Away-DLS-GK-Kit.png]
[ristechy.com/wp-content/uploads/2019/07/Logo-Liverpool-DLS-300x300.png.webp]
[ristechy.com/liverpool-dls-kit-dream-league-soccer.html]
[ristechy.com/wp-content/uploads/2019/08/PSG-Home-Kit.png]
[ristechy.com/psg-dls-kit-dream-league/feed]
[ristechy.com/wp-json/oembed/1.0/embedbf92.json]
[ristechy.com/wp-json/oembed/1.0/embed8145]
[ristechy.com/wp-json/wp/v2/posts/7424.json]
[ristechy.com/dream-league-soccer-2020-mod-apk-3.html]
[ristechy.com/wp-content/uploads/2019/08/PSG-Away-Kit.png]
[ristechy.com/wp-content/uploads/2019/08/PSG-Third-Kit.png]
[ristechy.com/wp-content/uploads/2019/08/PSG-Home-Gk-Kit.png]
[ristechy.com/wp-content/uploads/2019/08/PSG-Away-Gk-Kit.png]
[ristechy.com/wp-content/uploads/2019/08/PSG-DLS-Logo-300x300.png.webp]
[ristechy.com/psg-dls-kit-dream-league.html]
[ristechy.com/real-madrid-dls-kits/feed]
[ristechy.com/wp-json/oembed/1.0/embedfdae.json]
[ristechy.com/wp-json/oembed/1.0/embed41c5]
[ristechy.com/wp-content/uploads/2025/08/Real-home-kit.png]
[ristechy.com/wp-json/wp/v2/posts/7136.json]
[ristechy.com/wp-content/uploads/2025/08/Real-away-kit.png]
[ristechy.com/wp-content/uploads/2025/08/Real-third-kit.png]
[ristechy.com/wp-content/uploads/2025/08/Real-home-gk-kit.png]
[ristechy.com/wp-content/uploads/2025/08/Real-away-gk-kit-new.png]
[ristechy.com/wp-content/uploads/2025/08/Real-Third-gk-kit.png]
[ristechy.com/wp-content/uploads/2019/07/real-madrid-logo-dls-300x300.png.webp]
[ristechy.com/real-madrid-dls-kits.html]
[ristechy.com/fc-barcelona-kit-dream-league-soccer/feed]
[ristechy.com/wp-json/oembed/1.0/embed8988.json]
[ristechy.com/wp-json/oembed/1.0/embed61ce]
[ristechy.com/wp-json/wp/v2/posts/4822.json]
[ristechy.com/wp-content/uploads/2025/08/Barcelona-DLS-Kit-new-Home.png]
[ristechy.com/wp-content/uploads/2025/08/Barcelona-DLS-Kit-new-away.png]
[ristechy.com/wp-content/uploads/2025/08/Barcelona-DLS-Kit-new-third.png]
[ristechy.com/wp-content/uploads/2025/08/Barcelona-DLS-Kit-gk-home.png]
[ristechy.com/wp-content/uploads/2025/08/Barcelona-DLS-Kit-gk-away.png]
[ristechy.com/wp-content/uploads/2018/11/barcelona-logo-300x300.png.webp]
[ristechy.com/fc-barcelona-kit-dream-league-soccer.html]
[ristechy.com/kits-dream-league-soccer-2020-logos/feed]
[ristechy.com/wp-json/oembed/1.0/embed8c2f.json]
[ristechy.com/wp-json/oembed/1.0/embed2beb]
[ristechy.com/wp-json/wp/v2/posts/8832.json]
[ristechy.com/wp-content/uploads/2020/01/Barcelona-DLS-Kits-21-away.png.webp]
[ristechy.com/wp-content/uploads/2020/01/Barcelona-DLS-Kits-21-third.png.webp]
[ristechy.com/wp-content/uploads/2020/01/Barcelona-DLS-Kits-21-keeper-home.png.webp]
[ristechy.com/wp-content/uploads/2020/01/Barcelona-DLS-Kits-21-keeper-away.png.webp]
[ristechy.com/storage/2018/11/barcelona-logo.png]
[ristechy.com/wp-content/uploads/2020/01/Real-Madrid-DLS-Kit-21-home.png.webp]
[ristechy.com/wp-content/uploads/2020/01/Real-Madrid-DLS-Kit-21-away-1.png.webp]
[ristechy.com/wp-content/uploads/2020/01/Real-Madrid-DLS-Kit-21-Third.png.webp]
[ristechy.com/wp-content/uploads/2020/01/Real-Madrid-DLS-Kit-21-Keeper-home.png.webp]
[ristechy.com/wp-content/uploads/2020/01/Real-Madrid-DLS-Kit-21-Keeper-away.png.webp]
[ristechy.com/storage/2019/07/real-madrid-logo-dls-300x300.png]
[ristechy.com/wp-content/uploads/2020/01/Juventus-DLS-Kit-21-home.png.webp]
[ristechy.com/wp-content/uploads/2020/01/Juventus-DLS-Kit-21-away.png.webp]
[ristechy.com/wp-content/uploads/2020/01/Juventus-DLS-Kit-21-third.png.webp]
[ristechy.com/wp-content/uploads/2020/01/Juventus-DLS-Kit-21-Keeper-home.png.webp]
[ristechy.com/storage/2018/11/juventus-logo-DLS.png]
[ristechy.com/wp-content/uploads/2020/01/Manchester-city-DLS-Home-Kit.png.webp]
[ristechy.com/wp-content/uploads/2020/01/Manchester-city-DLS-Away-Kit.png.webp]
[ristechy.com/wp-content/uploads/2020/01/Manchester-city-DLS-Third-Kit.png.webp]
[ristechy.com/wp-content/uploads/2020/01/Manchester-city-DLS-Keeper-Home-Kit.png.webp]
[ristechy.com/wp-content/uploads/2020/01/Manchester-city-DLS-Keeper-Away-Kit.png.webp]
[ristechy.com/storage/2019/07/Manchester-City-DLS-Logo-300x300.png]
[ristechy.com/wp-content/uploads/2020/01/Manchester-United-DLS-Home-Kit.png.webp]
[ristechy.com/wp-content/uploads/2020/01/Manchester-United-DLS-Away-Kit.png.webp]
[ristechy.com/wp-content/uploads/2020/01/Manchester-United-DLS-Third-Kit.png.webp]
[ristechy.com/wp-content/uploads/2020/01/Manchester-United-DLS-Keeper-Home-Kit.png.webp]
[ristechy.com/wp-content/uploads/2020/01/Manchester-United-DLS-Keeper-Away-Kit.png.webp]
[ristechy.com/storage/2019/07/Manchester-United-DLS-Logo.png]
[ristechy.com/wp-content/uploads/2020/01/Liverpool-DLS-Kit-home.png.webp]
[ristechy.com/wp-content/uploads/2020/01/Liverpool-DLS-Kit-away.png.webp]
[ristechy.com/wp-content/uploads/2020/01/Liverpool-DLS-Kit-third.png.webp]
[ristechy.com/wp-content/uploads/2020/01/Liverpool-DLS-Kit-Keeper-home.png.webp]
[ristechy.com/wp-content/uploads/2020/01/Liverpool-DLS-Kit-Keeper-away.png.webp]
[ristechy.com/storage/2019/07/Logo-Liverpool-DLS-300x300.png]
[ristechy.com/storage/2020/01/Kit-Borussia-Dortmund-DLS-20-Home.png]
[ristechy.com/storage/2020/01/Kit-Borussia-Dortmund-DLS-20-Away.png]
[ristechy.com/storage/2020/01/Kit-Borussia-Dortmund-DLS-20-Third.png]
[ristechy.com/storage/2020/01/Borussia-Dortmund-dls-logo.png]
[ristechy.com/wp-content/uploads/2020/01/Kit-Corinthians-DLS-20-Home.png.webp]
[ristechy.com/wp-content/uploads/2020/01/Kit-Corinthians-DLS-20-Away.png.webp]
[ristechy.com/wp-content/uploads/2020/01/Kit-Corinthians-DLS-20-Third.png.webp]
[ristechy.com/storage/2020/01/Corithians-DLS-Logo.png]
[ristechy.com/storage/2020/01/Corithians-DLS-Logo-300x300.png]
[ristechy.com/wp-content/uploads/2020/01/Kit-Flamengo-DLS-20-Home-1.png.webp]
[ristechy.com/storage/2020/01/Kit-Flamengo-DLS-20-Home.png]
[ristechy.com/wp-content/uploads/2020/01/Kit-Flamengo-DLS-20-Away-1.png.webp]
[ristechy.com/wp-content/uploads/2020/01/Kit-Flamengo-DLS-20-Third-1.png.webp]
[ristechy.com/wp-content/uploads/2020/01/Kit-Flamengo-DLS-20-keeper-home-1.png.webp]
[ristechy.com/storage/2020/01/Kit-Flamengo-DLS-20-keeper-away.png]
[ristechy.com/storage/2020/01/Flamengo-DLS_logo.png]
[ristechy.com/storage/2020/01/Untitled481.png]
[ristechy.com/storage/2020/01/Galatasaray-DLS-logo-300x300.png]
[ristechy.com/wp-content/uploads/2020/01/Chelsea-DLS-21-Home-Kit.png.webp]
[ristechy.com/wp-content/uploads/2020/01/Chelsea-DLS-21-Away-Kit.png.webp]
[ristechy.com/wp-content/uploads/2020/01/Chelsea-DLS-21-Third-Kit.png.webp]
[ristechy.com/wp-content/uploads/2020/01/Chelsea-DLS-21-Keeper-Home-Kit.png.webp]
[ristechy.com/wp-content/uploads/2020/01/Kit-Chelsea-DLS-20-Away_Keeper.png.webp]
[ristechy.com/wp-content/uploads/2020/01/Arsena-DLS-logo.png.webp]
[ristechy.com/wp-content/uploads/2020/01/Kit-AS-Roma-DLS-20-Home.png.webp]
[ristechy.com/wp-content/uploads/2020/01/Kit-AS-Roma-DLS-20-Away.png.webp]
[ristechy.com/wp-content/uploads/2020/01/Kit-AS-Roma-DLS-20-Third.png.webp]
[ristechy.com/wp-content/uploads/2020/01/Kit-AS-Roma-DLS-20-Home-keeper.png.webp]
[ristechy.com/wp-content/uploads/2020/01/Kit-AS-Roma-DLS-20-Away-keeper.png.webp]
[ristechy.com/wp-content/uploads/2020/01/AS-Roma_DLS_Logo.png.webp]
[ristechy.com/wp-content/uploads/2020/01/Kit-Leicester-City-DLS-20-Away-Keeper.png.webp]
[ristechy.com/wp-content/uploads/2020/01/Leicester-City_DLS_logo-300x300.png.webp]
[ristechy.com/wp-content/uploads/2020/01/Inter-Milan-DLS_Logo-300x300.png.webp]
[ristechy.com/wp-content/uploads/2020/01/Tottenham-Hotspur-Logo-DLS-300x300.png.webp]
[ristechy.com/wp-content/uploads/2020/01/AC-Milan-DLS-Logo-300x300.png.webp]
[ristechy.com/wp-content/uploads/2020/03/logo-300x300.png.webp]
[ristechy.com/kits-dream-league-soccer-2020-logos.html]
[ristechy.com/wp-content/uploads/2021/11/RisTechy.png.html]
[ristechy.com/wp-content/plugins/wpforms-lite/assets/pro/images/times-solid-white.svg]
[ristechy.com/wp-content/plugins/wpforms-lite/assets/pro/images/camera-video.svg]
[ristechy.com/wp-content/plugins/wpforms-lite/assets/images/crop.svg]
[ristechy.com/wp-content/plugins/wpforms-lite/assets/pro/images/camera-rotate.svg]
[ristechy.com/wp-content/plugins/wpforms-lite/assets/pro/images/camera.svg]
[ristechy.com/wp-content/plugins/wpforms-lite/assets/pro/images/crop.svg]
[ristechy.com/wp-content/plugins/wpforms-lite/assets/pro/images/cancel.svg]
[ristechy.com/wp-content/plugins/wpforms-lite/assets/pro/images/trash.svg]
[ristechy.com/wp-content/plugins/wpforms-lite/assets/css/frontend/classic/wpforms-full.minae43.css]
[ristechy.com/wp-content/themes/jannah/assets/css/single.min0e5f.css]
[ristechy.com/wp-content/themes/jannah/assets/css/print0e5f.css]
[ristechy.com/index0516.html]
[ristechy.com/wp-content/plugins/wpforms-lite/assets/images/submit-spin.svg]
[ristechy.com/wp-content/plugins/easy-table-of-contents/assets/css/screen.mind44c.css]
[ristechy.com/wp-content/uploads/2019/10/fifa14-ut-full-apk.jpg.webp]
[ristechy.com/fifa-2014-apk-obb-data/feed]
[ristechy.com/wp-json/oembed/1.0/embed711f.json]
[ristechy.com/wp-json/oembed/1.0/embed2259]
[ristechy.com/wp-json/wp/v2/posts/7951.json]
[ristechy.com/wp-content/uploads/2019/10/fifa14-modes-300x169.png.webp]
[ristechy.com/fifa-2014-apk-obb-data.html]
[ristechy.com/index27db.html]
[ristechy.com/pes-2019-ppsspp-iso-english/feed]
[ristechy.com/wp-json/oembed/1.0/embed6e92.json]
[ristechy.com/wp-json/oembed/1.0/embed682d]
[ristechy.com/wp-json/wp/v2/posts/2206.json]
[ristechy.com/pes-2020-lite-ppsspp-psp-iso.html]
[ristechy.com/wp-content/uploads/2019/05/PES-2019-PPSSPP-PSP-iso-update.jpg.webp]
[ristechy.com/wp-content/uploads/2019/05/PES-2019-PPSSPP-Update-Files-300x179.png.webp]
[ristechy.com/pes-2020-mod-fifa-14-offline-apk.html]
[ristechy.com/wp-content/uploads/2019/03/pes-2019-ppsspp-setup-1-300x273.png.webp]
[ristechy.com/wp-content/uploads/2019/03/pes-2019-ppsspp-setup-4-300x190.png.webp]
[ristechy.com/wp-content/uploads/2019/03/pes-2019-ppsspp-setup-5-300x124.png.webp]
[ristechy.com/wp-content/uploads/2019/03/pes-2019-ppsspp-setup-3-300x150.png.webp]
[ristechy.com/wp-content/uploads/2019/03/pes-2019-ppsspp-setup-6-300x155.png.webp]
[ristechy.com/wp-content/uploads/2019/03/pes-2019-ppsspp-setup-8-300x172.png.webp]
[ristechy.com/wp-content/uploads/2019/03/pes-2019-ppsspp-setup-7-300x173.png.webp]
[ristechy.com/wp-content/uploads/2019/05/PES-2019-iso-PPSSPP-PSP-GamePlay-300x150.jpg.webp]
[ristechy.com/wp-content/uploads/2019/05/PES-2019-PPSSPP-PSP-Game-play-300x150.jpg.webp]
[ristechy.com/pes-2019-ppsspp-iso-english.html]
[ristechy.com/pes-2020-iso-ppsspp-psp-download/feed]
[ristechy.com/wp-json/oembed/1.0/embed8b83.json]
[ristechy.com/wp-json/oembed/1.0/embed528a]
[ristechy.com/wp-json/wp/v2/posts/6388.json]
[ristechy.com/wp-content/uploads/2020/05/PES-2020-PPSSPP-PSP-Iso-Save-Data-Textures-300x152.jpg.webp]
[ristechy.com/pes-2019-ppsspp-300-mb-iso-lite.html]
[ristechy.com/wp-content/uploads/2019/11/PES-2020-PPSSPP-PSP-Iso-install-2-248x300.png.webp]
[ristechy.com/wp-content/uploads/2019/08/PES-20-PPSSPP-PS4-Camera-Installation-1-1-300x230.png.webp]
[ristechy.com/wp-content/uploads/2019/08/PES-20-PPSSPP-PS4-Camera-Installation-2-300x124.png.webp]
[ristechy.com/wp-content/uploads/2019/08/PES-20-PPSSPP-PS4-Camera-Installation-3-1-300x95.png.webp]
[ristechy.com/wp-content/uploads/2019/08/PES-20-PPSSPP-PS4-Camera-Installation-4-1-300x126.png.webp]
[ristechy.com/wp-content/uploads/2019/08/PES-20-PPSSPP-PS4-Camera-Installation-5-1-300x156.png.webp]
[ristechy.com/wp-content/uploads/2019/11/PES-2020-PPSSPP-PSP-Iso-install-300x197.png.webp]
[ristechy.com/wp-content/uploads/2019/11/Install-pes-2020-ppsspp-psp-iso-300x139.jpeg.webp]
[ristechy.com/wp-content/uploads/2019/11/Install-pes-2020-ppsspp-psp-iso-2-300x155.jpeg.webp]
[ristechy.com/wp-content/uploads/2019/08/PES-2020-efootball-ppsspp-psp-iso-1.jpg.webp]
[ristechy.com/wp-content/uploads/2019/08/PES-2020-efootball-ppsspp-psp-iso.jpg.webp]
[ristechy.com/pes-2020-iso-ppsspp-psp-download.html]
[ristechy.com/index5149.html]
[ristechy.com/wp-content/plugins/shortcodes-ultimate/vendor/fork-awesome/fonts/forkawesome-webfont5438.eot]
[ristechy.com/wp-content/plugins/shortcodes-ultimate/vendor/fork-awesome/fonts/forkawesome-webfontd41d.eot]
[ristechy.com/wp-content/plugins/shortcodes-ultimate/vendor/fork-awesome/fonts/forkawesome-webfont5438.woff2]
[ristechy.com/wp-content/plugins/shortcodes-ultimate/vendor/fork-awesome/fonts/forkawesome-webfont5438.woff]
[ristechy.com/wp-content/plugins/shortcodes-ultimate/vendor/fork-awesome/fonts/forkawesome-webfont5438.ttf]
[ristechy.com/wp-content/cache/min/1/wp-content/plugins/shortcodes-ultimate/includes/css/icons0cd6.css]
[ristechy.com/wp-content/plugins/shortcodes-ultimate/vendor/fork-awesome/fonts/forkawesome-webfont5438.svg]
[ristechy.com/wp-content/plugins/shortcodes-ultimate/includes/images/player/default.png]
[ristechy.com/wp-content/plugins/shortcodes-ultimate/includes/images/styles/style-soft.png]
[ristechy.com/wp-content/plugins/shortcodes-ultimate/includes/images/styles/style-glass.png]
[ristechy.com/wp-content/plugins/shortcodes-ultimate/includes/images/styles/style-bubbles.png]
[ristechy.com/wp-content/plugins/shortcodes-ultimate/includes/images/styles/style-noise.png]
[ristechy.com/wp-content/plugins/shortcodes-ultimate/includes/images/swiper/default.png]
[ristechy.com/wp-content/plugins/shortcodes-ultimate/includes/images/quote.png]
[ristechy.com/wp-content/plugins/shortcodes-ultimate/includes/images/player/default-start.png]
[ristechy.com/wp-content/cache/min/1/wp-content/plugins/shortcodes-ultimate/includes/css/shortcodes0cd6.css]
[ristechy.com/index6e6a.html]
[ristechy.com/indexb041.html]
[ristechy.com/indexfbf5.html]
[ristechy.com/index9ba1.html]
[ristechy.com/wp-content/uploads/2019/01/Subway-Surfers-Mod-Apk.png.webp]
[ristechy.com/subway-surfers-mod-apk-1/feed]
[ristechy.com/wp-json/oembed/1.0/embed7929.json]
[ristechy.com/wp-json/oembed/1.0/embede1e2]
[ristechy.com/subway-surfers-mod-apk-1.html]
[ristechy.com/wp-json/wp/v2/posts/10509.json]
[ristechy.com/subway-surfers-mod-apk-osmdroid-2/feed]
[ristechy.com/wp-json/oembed/1.0/embed0e05.json]
[ristechy.com/wp-json/oembed/1.0/embed9204]
[ristechy.com/subway-surfers-mod-apk-osmdroid-2.html]
[ristechy.com/indexc83f.html]
[ristechy.com/wp-content/uploads/2025/05/DFL-2025-Mod-Apk-Obb-Data-V3-1024x461.jpg]
[ristechy.com/wp-json/wp/v2/posts/5615.json]
[ristechy.com/dfl-2025-mod-fifa-16-apk-obb/feed]
[ristechy.com/wp-json/oembed/1.0/embed7aa2.json]
[ristechy.com/wp-json/oembed/1.0/embed5d7b]
[ristechy.com/wp-json/wp/v2/posts/17354.json]
[ristechy.com/dfl-2025-mod-fifa-16-apk-obb.html]
[ristechy.com/fifa-2025-ppsspp-mod-14-fc-25-iso.html]
[ristechy.com/first-touch-soccer-2025-fts-mod-apk/feed]
[ristechy.com/wp-json/oembed/1.0/embed76cc.json]
[ristechy.com/wp-json/oembed/1.0/embede0df]
[ristechy.com/wp-json/wp/v2/posts/16357.json]
[ristechy.com/first-touch-soccer-2022-fts-mod-apk.html]
[ristechy.com/wp-content/uploads/2024/09/first_touch_soccer_2025_apk_obb_data_fts_25.jpg]
[ristechy.com/first-touch-soccer-2018-hd-fts-18-apk.html]
[ristechy.com/first-touch-soccer-2019-mod-fts-19-apk.html]
[ristechy.com/wp-content/uploads/2024/08/how_to_install_fts_2025_apk_obb_data_1.jpg]
[ristechy.com/wp-content/uploads/2024/08/how_to_install_fts_2025_apk_obb_data_2.jpg]
[ristechy.com/wp-content/uploads/2024/08/1000035456.gif]
[ristechy.com/wp-content/uploads/2024/08/how_to_install_fts_2025_apk_obb_data_3.jpg]
[ristechy.com/wp-content/uploads/2024/08/how_to_install_fts_2025_apk_obb_data_4.jpg]
[ristechy.com/wp-content/uploads/2024/08/how_to_install_fts_2025_apk_obb_data_5.jpg]
[ristechy.com/wp-content/uploads/2024/08/how_to_install_fts_2025_apk_obb_data_6.jpg]
[ristechy.com/wp-content/uploads/2024/08/how_to_install_fts_2025_apk_obb_data_7.jpg]
[ristechy.com/wp-content/uploads/2024/08/how_to_install_fts_2025_apk_obb_data_8.jpg]
[ristechy.com/wp-content/uploads/2024/08/how_to_install_fts_2025_apk_obb_data_9.jpg]
[ristechy.com/wp-content/uploads/2024/08/how_to_install_fts_2025_apk_obb_data_10.jpg]
[ristechy.com/wp-content/uploads/2024/08/how_to_install_fts_2025_apk_obb_data_11.jpg]
[ristechy.com/wp-content/uploads/2024/08/how_to_install_fts_2025_apk_obb_data_12.jpg]
[ristechy.com/wp-content/uploads/2024/08/how_to_install_fts_2025_apk_obb_data_13.jpg]
[ristechy.com/wp-content/uploads/2024/08/how_to_install_fts_2025_apk_obb_data_14.jpg]
[ristechy.com/wp-content/uploads/2024/08/how_to_install_fts_2025_apk_obb_data_15.jpg]
[ristechy.com/wp-content/uploads/2024/08/how_to_install_fts_2025_apk_obb_data_16.jpg]
[ristechy.com/wp-content/uploads/2024/09/how_to_install_fts_2025_apk_obb_apk.jpg]
[ristechy.com/first-touch-soccer-2025-fts-mod-apk.html]
[ristechy.com/wp-content/uploads/2024/12/Dream-League-Soccer-2025-Mod-Apk-Obb-scaled.jpg]
[ristechy.com/dream-league-soccer-2025-dls-25-mod-apk/feed]
[ristechy.com/wp-json/oembed/1.0/embedd382.json]
[ristechy.com/wp-json/oembed/1.0/embed0f71]
[ristechy.com/wp-json/wp/v2/posts/17495.json]
[ristechy.com/dream-league-soccer-2018-dls-18-mod-apk.html]
[ristechy.com/dream-league-soccer-2025-dls-25-mod-apk.html]
[ristechy.com/index9bc8.html]
[ristechy.com/dream-league-soccer-2019-mod-apk-obb-1.html]
[ristechy.com/wp-content/uploads/2025/05/ea-sports-fc_26-mobile-fifa-1024x462.webp]
[ristechy.com/fifa-soccer-mobile-apk/feed]
[ristechy.com/wp-json/oembed/1.0/embedbb13.json]
[ristechy.com/wp-json/oembed/1.0/embedacdf]
[ristechy.com/wp-json/wp/v2/posts/14518.json]
[ristechy.com/fifa-2023-mod-14-apk-obb-offline.html]
[ristechy.com/fifa-2022-mod-fifa-14-apk-obb-download.html]
[ristechy.com/fifa-soccer-mobile-apk.html]
[ristechy.com/tag/fifa-android-games.html]
[ristechy.com/efootball-pes-2023-apk-obb-0/feed]
[ristechy.com/wp-json/oembed/1.0/embedc985.json]
[ristechy.com/wp-json/oembed/1.0/embed128b]
[ristechy.com/wp-json/wp/v2/posts/13035.json]
[ristechy.com/wp-content/uploads/2025/08/eFootball-mobile-2026-apk-android.jpg]
[ristechy.com/www.gurubaze.com]
[ristechy.com/efootball-pes-2023-apk-obb-0.html]
[ristechy.com/index2d43.html]
[ristechy.com/football-manager-2024-mobile-fm-apk-2/feed]
[ristechy.com/wp-json/oembed/1.0/embed8ac1.json]
[ristechy.com/wp-json/oembed/1.0/embedb950]
[ristechy.com/wp-includes/blocks/table/style.min99d2.css]
[ristechy.com/wp-includes/blocks/columns/style.min99d2.css]
[ristechy.com/wp-json/wp/v2/posts/15638.json]
[ristechy.com/football-manager-2020-mobile-fm-20-apk-1.html]
[ristechy.com/wp-content/uploads/2023/11/Football_Manager_2024_Mobile_apk_obb.jpg]
[ristechy.com/tag/football-manager-mobile.html]
[ristechy.com/football-manager-2024-mobile-fm-apk-2.html]
[ristechy.com/indexf5e3.html]
[ristechy.com/404.html]
[ristechy.com/index4d18.html]
[ristechy.com/shadow-fight-2-mod-level-99-apk-1/feed]
[ristechy.com/wp-json/oembed/1.0/embed50dc.json]
[ristechy.com/wp-json/oembed/1.0/embed6119]
[ristechy.com/wp-json/wp/v2/posts/2255.json]
[ristechy.com/wp-content/uploads/2019/08/Shadow-Fight-2-Max-Level-99-Apk-1024x570.jpeg.webp]
[ristechy.com/shadow-fight-2-mod-level-99-apk-1.html]
[ristechy.com/kingroot-60-1-apk-download.html]
[ristechy.com/shadow-fight-2-max-level-52-mod-apk-1/feed]
[ristechy.com/wp-json/oembed/1.0/embed921a.json]
[ristechy.com/wp-json/oembed/1.0/embed8b97]
[ristechy.com/wp-json/wp/v2/posts/6248.json]
[ristechy.com/shadow-fight-2-special-edition-mod-apk.html]
[ristechy.com/wp-content/uploads/2019/08/Shadow-Fight-2-max-level-52-mod-apk.jpg.webp]
[ristechy.com/shadow-fight-2-max-level-52-mod-apk-1.html]
[ristechy.com/index2639.html]
[ristechy.com/tag/i]
[ristechy.com/tag/dream-league-soccer-dls/page/2.html]
[ristechy.com/tag/dream-league-soccer-dls/feed]
[ristechy.com/tag/Firefox/index.html]
[ristechy.com/wp-json/wp/v2/tags/78.json]
[ristechy.com/tag/dream-league-soccer-dls.html]
[ristechy.com/index324d.html]
[ristechy.com/wp-content/uploads/2022/07/eFootball-2023-ppsspp-psp-iso.png.webp]
[ristechy.com/pes-2023-ppsspp/feed]
[ristechy.com/wp-json/oembed/1.0/embedcfa5.json]
[ristechy.com/wp-json/oembed/1.0/embedbeb5]
[ristechy.com/wp-json/wp/v2/posts/14093.json]
[ristechy.com/ppsspp-psp-2017-iso-installation.html]
[ristechy.com/pes-2023-ppsspp.html]
[ristechy.com/pes-2018-psp-iso-download.html]
[ristechy.com/wp-content/uploads/2025/05/PES-2025-ppsspp-psp-iso-save-data-textures-scaled.webp]
[ristechy.com/pes-2025-ppsspp-psp-iso-efootball/feed]
[ristechy.com/wp-json/oembed/1.0/embeda803.json]
[ristechy.com/wp-json/oembed/1.0/embed17c3]
[ristechy.com/wp-json/wp/v2/posts/16481.json]
[ristechy.com/wp-content/uploads/2024/09/how_to_install_efootball_pes_2025_psp_iso_textures_save_data_0.jpg]
[ristechy.com/wp-content/uploads/2024/09/how_to_install_efootball_pes_2025_psp_iso_textures_save_data_1.jpg]
[ristechy.com/wp-content/uploads/2024/09/how_to_install_efootball_pes_2025_psp_iso_textures_save_data_2.jpg]
[ristechy.com/wp-content/uploads/2024/09/how_to_install_efootball_pes_2025_psp_iso_textures_save_data_3.jpg]
[ristechy.com/wp-content/uploads/2024/09/how_to_install_efootball_pes_2025_psp_iso_textures_save_data_4.jpg]
[ristechy.com/wp-content/uploads/2024/09/how_to_install_efootball_pes_2025_psp_iso_textures_save_data_5.jpg]
[ristechy.com/wp-content/uploads/2024/09/how_to_install_efootball_pes_2025_psp_iso_textures_save_data_6.jpg]
[ristechy.com/wp-content/uploads/2024/09/how_to_install_efootball_pes_2025_psp_iso_textures_save_data_7-scaled.jpg]
[ristechy.com/wp-content/uploads/2024/09/how_to_install_efootball_pes_2025_psp_iso_textures_save_data_13.gif]
[ristechy.com/wp-content/uploads/2024/09/how_to_install_efootball_pes_2025_psp_iso_textures_save_data_8.jpg]
[ristechy.com/wp-content/uploads/2024/09/how_to_install_efootball_pes_2025_psp_iso_textures_save_data_9.jpg]
[ristechy.com/wp-content/uploads/2024/09/how_to_install_efootball_pes_2025_psp_iso_textures_save_data_14-scaled.jpg]
[ristechy.com/wp-content/uploads/2023/10/Screenshot_2023-10-12-15-18-07-279_org.ppsspp.ppssppgold.jpg]
[ristechy.com/wp-content/uploads/2023/10/Screenshot_2023-10-18-10-35-19-374_org.ppsspp.ppssppgold-edit.jpg]
[ristechy.com/wp-content/uploads/2023/10/Screenshot_2023-10-18-10-36-07-891_org.ppsspp.ppssppgold-edit.jpg]
[ristechy.com/wp-content/uploads/2023/10/Screenshot_2023-10-16-06-17-47-866_org.ppsspp.ppssppgold-edit.jpg]
[ristechy.com/wp-content/uploads/2024/09/fix_game_crash_pes_ppsspp_efootball-scaled.jpg]
[ristechy.com/wp-content/uploads/2025/06/fix-no-sound-in-pes-efootball-1-scaled.jpg]
[ristechy.com/wp-content/uploads/2025/06/fix-no-sound-in-pes-efootball-2-scaled.jpg]
[ristechy.com/wp-content/uploads/2025/06/fix-no-sound-in-pes-efootball-3-scaled.jpg]
[ristechy.com/wp-content/uploads/2025/06/fix-no-sound-in-pes-efootball-4-scaled.jpg]
[ristechy.com/wp-content/uploads/2025/06/fix-no-sound-in-pes-efootball-5-scaled.jpg]
[ristechy.com/pes-2025-ppsspp-psp-iso-efootball.html]
[ristechy.com/wp-content/uploads/2019/11/Old-bet9ja-mobile-app-apk-140x300.jpeg.webp]
[ristechy.com/old-bet9ja-2-mobile-app-apk/feed]
[ristechy.com/wp-json/oembed/1.0/embed888c.json]
[ristechy.com/wp-json/oembed/1.0/embededa9]
[ristechy.com/old-bet9ja-2-mobile-app-apk.html]
[ristechy.com/index206d.html]
[ristechy.com/indexe382.html]
[ristechy.com/wp-json/wp/v2/posts/4848.json]
[ristechy.com/tag/psiphon/feed]
[ristechy.com/wp-json/wp/v2/tags/38.json]
[ristechy.com/tag/psiphon.html]
[ristechy.com/indexddbf.html]
[ristechy.com/index2e65.html]
[ristechy.com/wp-includes/blocks/paragraph/style.min99d2.css]
[ristechy.com/indexa638.html]
[ristechy.com/gta-5-android-apk-data/feed]
[ristechy.com/wp-json/oembed/1.0/embed279b.json]
[ristechy.com/wp-json/oembed/1.0/embedf6d0]
[ristechy.com/wp-json/wp/v2/posts/1835.json]
[ristechy.com/gta-4-apk-obb-download-android.html]
[ristechy.com/gta-3-apk-obb-data-download-android.html]
[ristechy.com/wp-content/uploads/2018/05/GTA-5-Apk-Data-1-300x176.jpg.webp]
[ristechy.com/gta-vice-city-apk-obb-downloads-1.html]
[ristechy.com/wp-content/uploads/2019/12/GTA-5-Android-Apk-Obb-300x159.jpg.webp]
[ristechy.com/wp-content/uploads/2019/12/GTA-5-Android-Apk-Obb-Download-300x160.jpg.webp]
[ristechy.com/wp-content/uploads/2019/12/GTA-V-Android-Apk-Obb-300x161.jpg.webp]
[ristechy.com/tag/gta.html]
[ristechy.com/gta-5-android-apk-data.html]
[ristechy.com/index6116.html]
[ristechy.com/index8f1f.html]
[ristechy.com/index47a0.html]
[ristechy.com/indexa114.html]
[ristechy.com/indexca7c.html]
[ristechy.com/indexf13f.html]
[ristechy.com/games/page/i.html]
[ristechy.com/games/page/Firefox/index.html]
[ristechy.com/tag/gta-mobile-games.html]
[ristechy.com/games/page/4.html]
[ristechy.com/naruto-senki-mod.html]
[ristechy.com/wp-content/uploads/2025/01/Naruto-Shippuden-Senki-Mod-Apk-390x220.jpg]
[ristechy.com/naruto-ultimate-ninja-storm-1-0-13-apk-mod-offline.html]
[ristechy.com/wp-content/uploads/2024/09/Naruto-Ultimate-Ninja-Storm-Apk-Mod-390x220.jpg]
[ristechy.com/wp-content/uploads/2020/08/subway-surfers-mod-android.jpg.webp]
[ristechy.com/pubg-highly-compressed-android.html]
[ristechy.com/wp-content/uploads/2018/09/PUBG-compresssed-android.jpeg.webp]
[ristechy.com/stick-war-legacy-mod-apk.html]
[ristechy.com/wp-content/uploads/2026/01/Stick-war-legacy-mod-apk-android-1-390x220.jpg]
[ristechy.com/gta-san-andreas-aethersx2-ps2-iso-android-download.html]
[ristechy.com/wp-content/uploads/2023/11/Screenshot_2023-11-04-10-41-22-533_xyz.aethersx2.android-edit-390x220.jpg]
[ristechy.com/wp-content/uploads/2019/04/GTA-3-Apk-Obb.png.webp]
[ristechy.com/games/page/3.html]
[ristechy.com/wp-content/uploads/2026/02/Car-parking-multiplayer-mod-apk.webp]
[ristechy.com/car-parking-multiplayer-mod-apk/feed]
[ristechy.com/wp-json/oembed/1.0/embeda7e6.json]
[ristechy.com/wp-json/oembed/1.0/embed3f2c]
[ristechy.com/car-parking-multiplayer-mod-apk.html]
[ristechy.com/wp-json/wp/v2/posts/19932.json]
[ristechy.com/call-of-duty-mobile-highly-compressed/feed]
[ristechy.com/wp-json/oembed/1.0/embedf57f.json]
[ristechy.com/wp-json/oembed/1.0/embed4f5b]
[ristechy.com/wp-json/wp/v2/posts/6611.json]
[ristechy.com/call-of-duty-mobile-highly-compressed.html]
[ristechy.com/tag/highly-compressed-games.html]
[ristechy.com/gta-san-andreas-apk-obb-highly-compressed/feed]
[ristechy.com/wp-json/oembed/1.0/embed6e57.json]
[ristechy.com/wp-json/oembed/1.0/embed7254]
[ristechy.com/wp-json/wp/v2/posts/4694.json]
[ristechy.com/gta-sa-lite-indonesia.html]
[ristechy.com/wp-content/uploads/2023/01/Screenshot_2023-01-11-04-39-47-802-edit_ru.zdevs_.zarchiver.jpg.webp]
[ristechy.com/wp-content/uploads/2018/12/GTA-San-Andreas-Highly-Compressed-2.png.webp]
[ristechy.com/wp-content/uploads/2018/12/GTA-San-Andreas-Highly-Compressed-3.png.webp]
[ristechy.com/wp-content/uploads/2018/12/GTA-San-Andreas-Highly-Compressed-4.png.webp]
[ristechy.com/wp-content/uploads/2018/12/GTA-San-Andreas-Highly-Compressed-5.png.webp]
[ristechy.com/gta-san-andreas-apk-obb-highly-compressed.html]
[ristechy.com/monster-hunter-stories-mod-apk/feed]
[ristechy.com/wp-json/oembed/1.0/embede44d.json]
[ristechy.com/wp-json/oembed/1.0/embed324a]
[ristechy.com/monster-hunter-stories-mod-apk.html]
[ristechy.com/wp-json/wp/v2/posts/8062.json]
[ristechy.com/wp-content/uploads/2025/12/Red_Dead_Redemption_mod_netflix_android_mobile-1024x470.jpg]
[ristechy.com/red-dead-redemption-netflix-mod-apk/feed]
[ristechy.com/wp-json/oembed/1.0/embed24a5.json]
[ristechy.com/wp-json/oembed/1.0/embed3ebf]
[ristechy.com/red-dead-redemption-netflix-mod-apk.html]
[ristechy.com/games/soccer/page/i.html]
[ristechy.com/games/soccer/page/Firefox/index.html]
[ristechy.com/wp-json/wp/v2/posts/19365.json]
[ristechy.com/wp-content/uploads/2024/10/fifa_2025_ppsspp_iso_save_data_texture_offline-390x220.jpg]
[ristechy.com/games/soccer/page/4.html]
[ristechy.com/fifa-2026-ppsspp-mod-fc-26-iso.html]
[ristechy.com/wp-content/uploads/2026/01/EA-Sports-fc_26_Ppsspp-iso-390x220.jpg]
[ristechy.com/wp-content/uploads/2022/01/PES-2022-ppsspp-psp-iso-latest.png.webp]
[ristechy.com/wp-content/uploads/2023/01/pes_2023_ppsspp_psp_iso.png.webp]
[ristechy.com/wp-content/uploads/2023/08/pes_2024_ppsspp_iso_save_data_textures-390x220.png.webp]
[ristechy.com/wp-content/uploads/2025/05/PES-2025-ppsspp-psp-iso-save-data-textures-390x220.webp]
[ristechy.com/wp-content/uploads/2018/12/Dream-League-Soccer-2019-MOD-APK.jpg.webp]
[ristechy.com/wp-content/uploads/2023/09/FTS_2024_Mod_Apk_Obb_Data-1-390x220.jpg.webp]
[ristechy.com/wp-content/uploads/2024/09/first_touch_soccer_2025_apk_obb_data_fts_25-390x220.jpg]
[ristechy.com/wp-content/uploads/2024/12/Dream-League-Soccer-2025-Mod-Apk-Obb-390x220.jpg]
[ristechy.com/games/soccer/page/3.html]
[ristechy.com/mini-football-mod-apk/feed]
[ristechy.com/wp-json/oembed/1.0/embeddbbf.json]
[ristechy.com/wp-json/oembed/1.0/embed0bef]
[ristechy.com/wp-json/wp/v2/posts/19702.json]
[ristechy.com/wp-content/uploads/2026/01/mini_football_mod_apk-1024x462.jpg]
[ristechy.com/mini-football-mod-apk.html]
[ristechy.com/fifa-16-mod-fifa-26-apk-offline/feed]
[ristechy.com/wp-json/oembed/1.0/embed25f1.json]
[ristechy.com/wp-json/oembed/1.0/embed1ea0]
[ristechy.com/wp-content/uploads/2025/10/FIFA_2026_Mod_FIFA_16_Apk_Obb-Data_fc_26.jpg]
[ristechy.com/wp-json/wp/v2/posts/19160.json]
[ristechy.com/wp-content/uploads/2025/10/how_to_install_fifa_16_mod_2026_1.jpg]
[ristechy.com/wp-content/uploads/2025/10/how_to_install_fifa_16_mod_2026_2.jpg]
[ristechy.com/wp-content/uploads/2025/10/how_to_install_fifa_16_mod_2026_7.jpg]
[ristechy.com/wp-content/uploads/2025/10/how_to_install_fifa_16_mod_2026_8.jpg]
[ristechy.com/wp-content/uploads/2025/10/how_to_install_fifa_16_mod_2026_3.jpg]
[ristechy.com/wp-content/uploads/2025/10/how_to_install_fifa_16_mod_2026_4.jpg]
[ristechy.com/wp-content/uploads/2025/10/how_to_install_fifa_16_mod_2026_5.jpg]
[ristechy.com/wp-content/uploads/2025/10/how_to_install_fifa_16_mod_2026_9b.jpg]
[ristechy.com/wp-content/uploads/2025/10/how_to_install_fifa_16_mod_2026_6.jpg]
[ristechy.com/wp-content/uploads/2025/10/how_to_extract_fifa_16_mod_26_obb_0.jpg]
[ristechy.com/wp-content/uploads/2025/10/how_to_extract_fifa_16_mod_26_obb_2.jpg]
[ristechy.com/wp-content/uploads/2025/10/how_to_extract_fifa_16_mod_26_obb_3.jpg]
[ristechy.com/wp-content/uploads/2025/10/how_to_extract_fifa_16_mod_26_obb_4.jpg]
[ristechy.com/wp-content/uploads/2025/10/how_to_extract_fifa_16_mod_26_obb_5.jpg]
[ristechy.com/wp-content/uploads/2025/10/how_to_extract_fifa_16_mod_26_obb_6.jpg]
[ristechy.com/wp-content/uploads/2025/10/how_to_extract_fifa_16_mod_26_obb_7.jpg]
[ristechy.com/fifa-16-mod-fifa-26-apk-offline.html]
[ristechy.com/fifa-16-mod-apk-obb-offline/feed]
[ristechy.com/wp-json/oembed/1.0/embed5423.json]
[ristechy.com/wp-json/oembed/1.0/embed84e2]
[ristechy.com/wp-json/wp/v2/posts/14187.json]
[ristechy.com/wp-content/uploads/2024/10/FIFA-16-Mod-Fifa-2025-Apk-Obb-Data-scaled.jpg]
[ristechy.com/wp-content/uploads/2023/07/FTS_2024_Mod_Apk_Installation_howto.png.webp]
[ristechy.com/wp-content/uploads/2023/07/FIFA_16_mod_offline_installation_1.jpg.webp]
[ristechy.com/wp-content/uploads/2023/07/FIFA_16_mod_offline_installation_2.png.webp]
[ristechy.com/wp-content/uploads/2023/07/FIFA_16_mod_offline_installation_3.png.webp]
[ristechy.com/wp-content/uploads/2023/07/FIFA_16_mod_offline_installation_4.png.webp]
[ristechy.com/wp-content/uploads/2023/07/FIFA_16_mod_offline_installation_5.png.webp]
[ristechy.com/wp-content/uploads/2023/07/FIFA_16_mod_offline_installation_6.png.webp]
[ristechy.com/wp-content/uploads/2023/07/FIFA_16_mod_offline_installation_7.png.webp]
[ristechy.com/wp-content/uploads/2023/07/FIFA_16_mod_offline_installation_7-1.png.webp]
[ristechy.com/wp-content/uploads/2023/07/FIFA_16_mod_offline_13_installation.png.webp]
[ristechy.com/wp-content/uploads/2023/07/FIFA_16_mod_offline_installation_8.png.webp]
[ristechy.com/wp-content/uploads/2023/07/FIFA_16_mod_offline_installation_9.png.webp]
[ristechy.com/wp-content/uploads/2023/07/FIFA_16_mod_offline_installation_10.png.webp]
[ristechy.com/wp-content/uploads/2023/07/FIFA_16_mod_offline_installation_11.png.webp]
[ristechy.com/wp-content/uploads/2023/07/FIFA_16_mod_offline_installation_12.png.webp]
[ristechy.com/wp-content/uploads/2023/07/FIFA_16_mod_offline_installation_13.png.webp]
[ristechy.com/wp-content/uploads/2023/07/FIFA_16_mod_offline_installation_14.png.webp]
[ristechy.com/wp-content/uploads/2023/07/FIFA_FC_24_data_Android_13_installation_1.png.webp]
[ristechy.com/wp-content/uploads/2023/07/FIFA_FC_24_data_Android_13_installation_2.png.webp]
[ristechy.com/wp-content/uploads/2023/07/FIFA_FC_24_data_Android_13_installation_6.jpg.webp]
[ristechy.com/wp-content/uploads/2023/07/FIFA_FC_24_data_Android_13_installation_3.png.webp]
[ristechy.com/wp-content/uploads/2023/07/FIFA_FC_24_data_Android_13_installation_4.png.webp]
[ristechy.com/wp-content/uploads/2023/07/FIFA_FC_24_data_Android_13_installation_5.png.webp]
[ristechy.com/wp-content/uploads/2023/07/FIFA_FC_24_data_Android_13_installation_7.png.webp]
[ristechy.com/wp-content/uploads/2023/07/FIFA_FC_24_data_Android_13_installation_8.png.webp]
[ristechy.com/wp-content/uploads/2023/07/FIFA_FC_24_data_Android_13_installation_9.png.webp]
[ristechy.com/wp-content/uploads/2023/07/FIFA_FC_24_data_Android_13_installation_9.gif]
[ristechy.com/wp-content/uploads/2023/07/FIFA_FC_24_data_Android_13_installation_10.gif]
[ristechy.com/wp-content/uploads/2023/07/FIFA_FC_24_data_Android_13_installation_12.png.webp]
[ristechy.com/fifa-16-mod-apk-obb-offline.html]
[ristechy.com/fifa-2026-mod-fifa-14-apk-offline/feed]
[ristechy.com/wp-json/oembed/1.0/embeda5b2.json]
[ristechy.com/wp-json/oembed/1.0/embedad97]
[ristechy.com/wp-json/wp/v2/posts/19052.json]
[ristechy.com/wp-content/uploads/2025/09/FIFA_2026_mod_apk_download-1.jpg]
[ristechy.com/fifa-2024-mod-fifa-14-fc-apk-offline.html]
[ristechy.com/wp-content/uploads/2025/09/how_to_install_fifa_2026_mod_Apk_offline_0.jpg]
[ristechy.com/wp-content/uploads/2025/09/Screenshot_20250917_121117.jpg]
[ristechy.com/wp-content/uploads/2025/09/Screenshot_20250917_121409.jpg]
[ristechy.com/wp-content/uploads/2025/09/how_to_install_fifa_2026_mod_Apk_offline_2.jpg]
[ristechy.com/wp-content/uploads/2025/09/how_to_install_fifa_2026_mod_Apk_offline_3.jpg]
[ristechy.com/wp-content/uploads/2025/09/how_to_install_fifa_2026_mod_Apk_offline_4.jpg]
[ristechy.com/wp-content/uploads/2025/09/how_to_install_fifa_2026_mod_Apk_offline_5.jpg]
[ristechy.com/wp-content/uploads/2025/09/Screenshot_20250917_121746.jpg]
[ristechy.com/wp-content/uploads/2025/09/IMG_20250917_155821.jpg]
[ristechy.com/wp-content/uploads/2025/09/IMG_20250917_160457.jpg]
[ristechy.com/wp-content/uploads/2025/09/Screenshot_20250917_163249.jpg]
[ristechy.com/wp-content/uploads/2025/09/Screenshot_20250917_163517.jpg]
[ristechy.com/wp-content/uploads/2025/09/how_to_install_fifa_2026_mod_Apk_offline_6.jpg]
[ristechy.com/wp-content/uploads/2025/09/Screenshot_20250917_164828.jpg]
[ristechy.com/fifa-2026-mod-fifa-14-apk-offline.html]
[ristechy.com/be-a-pro-football-apk/feed]
[ristechy.com/wp-json/oembed/1.0/embed4514.json]
[ristechy.com/wp-json/oembed/1.0/embed6674]
[ristechy.com/wp-json/wp/v2/posts/18316.json]
[ristechy.com/wp-content/uploads/2025/03/Be-A-Pro-Football-Apk-Obb-scaled.jpg]
[ristechy.com/be-a-pro-football-apk.html]
[ristechy.com/winning-eleven-2026-we-2026-mod-apk/feed]
[ristechy.com/wp-json/oembed/1.0/embeddd63.json]
[ristechy.com/wp-json/oembed/1.0/embed1378]
[ristechy.com/wp-json/wp/v2/posts/19793.json]
[ristechy.com/winning-eleven-2023-mod-apk.html]
[ristechy.com/winning-eleven-2022-mod-apk.html]
[ristechy.com/wp-content/uploads/2026/02/Winning_eleven_2026_mod_apk.jpg]
[ristechy.com/winning-eleven-2026-we-2026-mod-apk.html]
[ristechy.com/winning-eleven-2012-warkop-android-apk.html]
[ristechy.com/fifa-2025-mod-fifa-14-fc-apk-offline/feed]
[ristechy.com/wp-json/oembed/1.0/embed9853.json]
[ristechy.com/wp-json/oembed/1.0/embed27b8]
[ristechy.com/wp-json/wp/v2/posts/17006.json]
[ristechy.com/wp-content/uploads/2024/09/FIFA-2025-Mod-14-apk-obb-data-offline-ra-sports-fc-scaled.jpg]
[ristechy.com/wp-content/uploads/2024/09/FIFA-2025-Mod-14-files-apk-obb-data.jpg]
[ristechy.com/fifa-2021-mod-14-apk-obb-offline.html]
[ristechy.com/wp-content/uploads/2024/09/How-to-install-fifa-2025-mod-apk-0.jpg]
[ristechy.com/wp-content/uploads/2024/09/How-to-install-fifa-2025-mod-apk-1.jpg]
[ristechy.com/wp-content/uploads/2024/09/Screenrecorder-2024-09-26-06-02-38-536-ezgif.com-optimize.gif]
[ristechy.com/wp-content/uploads/2024/09/How-to-install-fifa-2025-mod-apk-2.jpg]
[ristechy.com/wp-content/uploads/2024/09/How-to-install-fifa-2025-mod-apk-4.jpg]
[ristechy.com/wp-content/uploads/2024/09/How-to-install-fifa-2025-mod-apk-5.jpg]
[ristechy.com/wp-content/uploads/2024/09/How-to-install-fifa-2025-mod-apk-6.jpg]
[ristechy.com/wp-content/uploads/2024/09/How-to-install-fifa-2025-mod-apk-7.jpg]
[ristechy.com/wp-content/uploads/2024/09/How-to-install-fifa-2025-mod-apk-8.jpg]
[ristechy.com/wp-content/uploads/2024/09/how_to_install_fifa_2025_mod_14_obb_0.jpg]
[ristechy.com/wp-content/uploads/2024/09/how_to_install_fifa_2025_mod_14_obb_1.jpg]
[ristechy.com/wp-content/uploads/2024/09/how_to_install_fifa_2025_mod_14_obb_2.jpg]
[ristechy.com/wp-content/uploads/2024/09/how_to_install_fifa_2025_mod_14_obb_3.jpg]
[ristechy.com/wp-content/uploads/2024/09/how_to_install_fifa_2025_mod_14_obb_4.jpg]
[ristechy.com/wp-content/uploads/2024/09/how_to_install_fifa_2025_mod_14_obb_5.jpg]
[ristechy.com/wp-content/uploads/2024/09/how_to_install_fifa_2025_mod_14_obb_6.jpg]
[ristechy.com/wp-content/uploads/2024/09/EA-Sports-fc-2025-fifa-14-apk.jpg]
[ristechy.com/fifa-2025-mod-fifa-14-fc-apk-offline.html]
[ristechy.com/indexe4b3.html]
[ristechy.com/index759d.html]
[ristechy.com/pes-2024-ppsspp-psp-iso/feed]
[ristechy.com/wp-json/oembed/1.0/embed1886.json]
[ristechy.com/wp-json/oembed/1.0/embede352]
[ristechy.com/wp-json/wp/v2/posts/15182.json]
[ristechy.com/wp-content/uploads/2023/08/pes_2024_ppsspp_iso_save_data_textures.png.webp]
[ristechy.com/wp-content/uploads/2023/08/PES_2024_ppsspp_iso_installation_1.png.webp]
[ristechy.com/wp-content/uploads/2023/08/PES_2024_ppsspp_iso_installation_2.png.webp]
[ristechy.com/wp-content/uploads/2023/08/PES_2024_ppsspp_iso_installation_3.png.webp]
[ristechy.com/wp-content/uploads/2023/08/PES_2024_ppsspp_iso_installation_4.png.webp]
[ristechy.com/wp-content/uploads/2023/08/PES_2024_ppsspp_iso_installation_5.png.webp]
[ristechy.com/wp-content/uploads/2023/08/PES_2024_ppsspp_iso_installation_6.png.webp]
[ristechy.com/wp-content/uploads/2023/08/PES_2024_ppsspp_iso_installation_7.png.webp]
[ristechy.com/wp-content/uploads/2023/08/PES_2024_ppsspp_iso_installation_8.png.webp]
[ristechy.com/wp-content/uploads/2023/08/PES_2024_ppsspp_iso_installation_9.png.webp]
[ristechy.com/wp-content/uploads/2023/08/PES_2024_ppsspp_iso_installation_10.png.webp]
[ristechy.com/wp-content/uploads/2023/08/PES_2024_ppsspp_iso_installation_11.png.webp]
[ristechy.com/wp-content/uploads/2023/08/IMG_20230806_161801.png.webp]
[ristechy.com/pes-2024-ppsspp-psp-iso.html]
[ristechy.com/pes-2022-ppsspp-psp-iso/feed]
[ristechy.com/wp-json/oembed/1.0/embed6ea8.json]
[ristechy.com/wp-json/oembed/1.0/embedebd4]
[ristechy.com/wp-json/wp/v2/posts/11900.json]
[ristechy.com/pes-2021-ppsspp-psp-iso-efootball.html]
[ristechy.com/pes-2021-apk-obb-efootball.html]
[ristechy.com/wp-content/uploads/2021/06/PES-2022-PPSSPP-PSP-Installation.png.webp]
[ristechy.com/wp-content/uploads/2021/06/PES-2022-PPSSPP-PSP-Installation-1.png.webp]
[ristechy.com/wp-content/uploads/2021/06/PES-2022-PPSSPP-PSP-Installation-2-1024x380.png.webp]
[ristechy.com/wp-content/uploads/2021/06/PES-2022-PPSSPP-PSP-Installation-3-1024x380.png.webp]
[ristechy.com/wp-content/uploads/2021/06/PES-2022-PPSSPP-PSP-Installation-4-1024x411.png.webp]
[ristechy.com/wp-content/uploads/2021/06/PES-2022-PPSSPP-PSP-Installation-5.png.webp]
[ristechy.com/wp-content/uploads/2021/06/PES-2022-PPSSPP-PSP-Installation-7.jpg.webp]
[ristechy.com/wp-content/uploads/2021/06/PES-2022-PPSSPP-PSP-Installation-6.jpg.webp]
[ristechy.com/wp-content/uploads/2021/06/PES-2022-PPSSPP-PSP-Installation-8.jpg.webp]
[ristechy.com/wp-content/uploads/2021/06/PES-2022-PPSSPP-PSP-Installation-9.jpg.webp]
[ristechy.com/wp-content/uploads/2021/06/PES-2022-ppsspp-psp-screenshots_1.jpg]
[ristechy.com/wp-content/uploads/2021/06/PES-2022-ppsspp-psp-screenshots_1-150x150.jpg.webp]
[ristechy.com/wp-content/uploads/2021/06/PES-2022-ppsspp-psp-screenshots_4.jpg]
[ristechy.com/wp-content/uploads/2021/06/PES-2022-ppsspp-psp-screenshots_4-150x150.jpg.webp]
[ristechy.com/wp-content/uploads/2021/06/PES-2022-ppsspp-psp-screenshots_3.jpg]
[ristechy.com/wp-content/uploads/2021/06/PES-2022-ppsspp-psp-screenshots_3-150x150.jpg.webp]
[ristechy.com/wp-content/uploads/2021/06/PES-2022-ppsspp-psp-screenshots_2.jpg]
[ristechy.com/wp-content/uploads/2021/06/PES-2022-ppsspp-psp-screenshots_2-150x150.jpg.webp]
[ristechy.com/wp-content/uploads/2021/06/PES-2022-ppsspp-psp-screenshots_6.jpg]
[ristechy.com/wp-content/uploads/2021/06/PES-2022-ppsspp-psp-screenshots_6-150x150.jpg.webp]
[ristechy.com/wp-content/uploads/2021/06/PES-2022-ppsspp-psp-screenshots_5.jpg]
[ristechy.com/wp-content/uploads/2021/06/PES-2022-ppsspp-psp-screenshots_5-150x150.jpg.webp]
[ristechy.com/pes-2022-ppsspp-psp-iso.html]
[ristechy.com/tag/pes-ppsspp-psp-games/page/2.html]
[ristechy.com/tag/pes-ppsspp-psp-games/feed]
[ristechy.com/wp-json/wp/v2/tags/45.json]
[ristechy.com/wp-content/uploads/2018/05/pes-2018-iso-psp.jpg.webp]
[ristechy.com/wp-content/uploads/2020/09/PES-2021-PPSSPP-PSP-Iso-Save-Data-Textures.jpg.webp]
[ristechy.com/pes-2021-lite-ppsspp-psp-iso.html]
[ristechy.com/wp-content/uploads/2020/11/Pes_lite_2021_ppsspp_iso.jpg.webp]
[ristechy.com/wp-content/uploads/2020/05/PES-2020-PPSSPP-PSP-Iso-Save-Data-Textures.jpg.webp]
[ristechy.com/wp-content/uploads/2019/05/PES-19-Lite-PPSSPP-PSP.jpg.webp]
[ristechy.com/wp-content/uploads/2019/06/PES-20-Lite-Psp-Ppsspp.jpg.webp]
[ristechy.com/tag/pes-ppsspp-psp-games.html]
[ristechy.com/index06b3.html]
[ristechy.com/first-touch-soccer-2023-fts-mod-apk/feed]
[ristechy.com/wp-json/oembed/1.0/embedb8ff.json]
[ristechy.com/wp-json/oembed/1.0/embedc90d]
[ristechy.com/wp-json/wp/v2/posts/13938.json]
[ristechy.com/fts-22-mod-pes-2022-apk.html]
[ristechy.com/first-touch-soccer-2021-fts-21-mod-apk.html]
[ristechy.com/wp-content/uploads/2022/04/FTS-2023-Mod-apk-obb-data.png.webp]
[ristechy.com/wp-content/uploads/2022/04/FTS_2023_Mod_install_0-750x430.png.webp]
[ristechy.com/fts-22-mod-fifa-2022-apk-obb-data.html]
[ristechy.com/wp-content/uploads/2022/04/FTS_2023_Mod_install_1.png.webp]
[ristechy.com/wp-content/uploads/2022/04/FTS_2023_Mod_install_2.png.webp]
[ristechy.com/wp-content/uploads/2022/04/FTS_2023_Mod_install_3.png.webp]
[ristechy.com/wp-content/uploads/2022/04/FTS_2023_Mod_install_4.png.webp]
[ristechy.com/wp-content/uploads/2022/04/FTS_2023_Mod_install_5.png.webp]
[ristechy.com/wp-content/uploads/2022/04/FTS_2023_Mod_install_6.png.webp]
[ristechy.com/wp-content/uploads/2022/04/FTS_2023_Mod_install_7.png.webp]
[ristechy.com/first-touch-soccer-2023-fts-mod-apk.html]
[ristechy.com/first-touch-soccer-2024-fts-mod-apk/feed]
[ristechy.com/wp-json/oembed/1.0/embed268e.json]
[ristechy.com/wp-json/oembed/1.0/embed7a5b]
[ristechy.com/wp-json/wp/v2/posts/14743.json]
[ristechy.com/wp-content/uploads/2023/09/FTS_2024_Mod_Apk_Obb_Data-1.jpg.webp]
[ristechy.com/wp-content/uploads/2023/07/FTS_2024_Mod_Apk_Installation_two.png.webp]
[ristechy.com/wp-content/uploads/2023/07/Fts_2024_mod_installation_three.png.webp]
[ristechy.com/wp-content/uploads/2023/07/FTS-_2024_install_step_4.jpg.webp]
[ristechy.com/wp-content/uploads/2023/07/FTS_2024_installation_steps_5.jpg.webp]
[ristechy.com/wp-content/uploads/2023/07/FTS_2024_Mod_Installation_step_6.jpg.webp]
[ristechy.com/wp-content/uploads/2023/07/fts_2024_apk_installation_steps_7.png.webp]
[ristechy.com/wp-content/uploads/2023/07/FTS_2024_mod_install_step_9.jpg.webp]
[ristechy.com/wp-content/uploads/2023/07/fts_2024_installation_steps_andriod.png.webp]
[ristechy.com/wp-content/uploads/2023/07/FTS_2024_mod_Android_install.png.webp]
[ristechy.com/wp-content/uploads/2023/07/FTS_2024_Installation_step_11.png.webp]
[ristechy.com/wp-content/uploads/2023/07/20230711_161704_0000.png.webp]
[ristechy.com/wp-content/uploads/2023/07/fts_mod_2024_installation.png.webp]
[ristechy.com/wp-content/uploads/2023/07/IMG_20230712_135215.jpg.webp]
[ristechy.com/wp-content/uploads/2023/07/IMG_20230712_135757.jpg.webp]
[ristechy.com/wp-content/uploads/2023/07/FTS_2024_mod_installation_obb.png.webp]
[ristechy.com/wp-content/uploads/2023/07/IMG_20230712_141939.jpg.webp]
[ristechy.com/wp-content/uploads/2023/07/FTS_2024_mod_installation_extracting.png.webp]
[ristechy.com/wp-content/uploads/2023/07/FTs_2024_mod_installation_apk.png.webp]
[ristechy.com/first-touch-soccer-2024-fts-mod-apk.html]
[ristechy.com/tag/fts/page/2.html]
[ristechy.com/tag/fts/feed]
[ristechy.com/wp-json/wp/v2/tags/35.json]
[ristechy.com/wp-content/uploads/2021/05/First-Touch-Soccer-2022-Mod-Apk-FTS-1.jpg.webp]
[ristechy.com/download-fts-18-special-mod-by-bagas-bangkrenk-apk-obb.html]
[ristechy.com/download-fts-mod-pes-2018-big-update-transfer.html]
[ristechy.com/download-fts-18-mod-by-fts-manager-and.html]
[ristechy.com/fts-mod-fifa-18-by-riady-poetra-apk-obb-download.html]
[ristechy.com/tag/fts.html]
[ristechy.com/index26d4.html]
[ristechy.com/index06b1.html]
[ristechy.com/football-manager-2023-mobile-fm-23-apk-0/feed]
[ristechy.com/wp-json/oembed/1.0/embed8292.json]
[ristechy.com/wp-json/oembed/1.0/embed3ec9]
[ristechy.com/wp-json/wp/v2/posts/14382.json]
[ristechy.com/wp-content/uploads/2022/11/Football-Manager-2023-mobile-apk.jpg.webp]
[ristechy.com/football-manager-2023-mobile-fm-23-apk-0.html]
[ristechy.com/wp-content/uploads/2021/11/Football-Manager-2022-mobile-apk-obb-fm-22-1024x461.jpg.webp]
[ristechy.com/football-manager-2022-mobile-fm-apk/feed]
[ristechy.com/wp-json/oembed/1.0/embede822.json]
[ristechy.com/wp-json/oembed/1.0/embed4681]
[ristechy.com/wp-json/wp/v2/posts/13018.json]
[ristechy.com/football-manager-2019-mobile-apk-android.html]
[ristechy.com/wp-content/uploads/2021/11/Fm_22_unlock-2-store.png.webp]
[ristechy.com/wp-content/uploads/2021/11/Fm_22_unlock-1-store-593x1024.png.webp]
[ristechy.com/wp-content/uploads/2021/11/Fm_22_unlock-3-store.png.webp]
[ristechy.com/wp-content/uploads/2021/11/Fm_22_unlock-4-store.png.webp]
[ristechy.com/wp-content/uploads/2021/11/Fm_22_unlock-5-store.png.webp]
[ristechy.com/wp-content/uploads/2021/11/Fm_22_unlock-6-store.png.webp]
[ristechy.com/wp-content/uploads/2021/11/Fm_22_unlock-7-store.png.webp]
[ristechy.com/wp-content/uploads/2021/11/Fm_22_unlock-8-store.png.webp]
[ristechy.com/wp-content/uploads/2021/11/Fm_22_unlock-9-store.png.webp]
[ristechy.com/wp-content/uploads/2021/11/Fm_22_unlock-10-store.png.webp]
[ristechy.com/wp-content/uploads/2021/11/Fm_22_unlock-11-store.png.webp]
[ristechy.com/wp-content/uploads/2021/11/Fm_22_unlock-12-store.png.webp]
[ristechy.com/wp-content/uploads/2021/11/Fm_22_unlock-13-store-1024x449.png.webp]
[ristechy.com/wp-content/uploads/2021/11/Fm_22_unlock-14-store-1024x510.png.webp]
[ristechy.com/football-manager-2022-mobile-fm-apk.html]
[ristechy.com/cdn-cgi/l/email-protection.html]
[ristechy.com/android/page/i.html]
[ristechy.com/android/page/Firefox/index.html]
[ristechy.com/android/page/4.html]
[ristechy.com/download-yoga-vpn-apk-39160-free.html]
[ristechy.com/best-free-antivirus-android.html]
[ristechy.com/vlc-2111-beta-apk.html]
[ristechy.com/android/page/3.html]
[ristechy.com/download-kingroot-apk-for-android-51.html]
[ristechy.com/netboom-apk-download/feed]
[ristechy.com/wp-json/oembed/1.0/embed0257.json]
[ristechy.com/wp-json/oembed/1.0/embeda4a8]
[ristechy.com/netboom-apk-download.html]
[ristechy.com/wp-json/wp/v2/posts/8708.json]
[ristechy.com/super-vpn-apk-free-download/feed]
[ristechy.com/wp-json/oembed/1.0/embed62cf.json]
[ristechy.com/wp-json/oembed/1.0/embed885f]
[ristechy.com/super-vpn-apk-free-download.html]
[ristechy.com/wp-json/wp/v2/posts/3997.json]
[ristechy.com/wp-content/uploads/2019/01/bet9ja-mobile-app-1-252x300.png.webp]
[ristechy.com/bet9ja-mobile-app-android/feed]
[ristechy.com/wp-json/oembed/1.0/embedf6fa.json]
[ristechy.com/wp-json/oembed/1.0/embed7521]
[ristechy.com/wp-json/wp/v2/posts/5666.json]
[ristechy.com/bet9ja-mobile-app-android.html]
[ristechy.com/damon-ps2-pro-apk/feed]
[ristechy.com/wp-json/oembed/1.0/embed02f5.json]
[ristechy.com/wp-json/oembed/1.0/embed5029]
[ristechy.com/wp-json/wp/v2/posts/5851.json]
[ristechy.com/wp-content/uploads/2019/02/Damon-ps2-pro-files-300x183.png.webp]
[ristechy.com/damon-ps2-pro-apk.html]
[ristechy.com/wp-content/uploads/2018/01/January82C201744557PMWAT-1.png]
[ristechy.com/ucmini1042-handler-ui-400-apk-download/feed]
[ristechy.com/wp-json/oembed/1.0/embedc8d1.json]
[ristechy.com/wp-json/oembed/1.0/embeda11c]
[ristechy.com/ucmini1042-handler-ui-400-apk-download.html]
[ristechy.com/index428e.html]
[ristechy.com/index3a26.html]
[ristechy.com/index53d0.html]
[ristechy.com/index95b2.html]
[ristechy.com/android/communication/page/i.html]
[ristechy.com/android/communication/page/Firefox/index.html]
[ristechy.com/wp-json/wp/v2/posts/2018.json]
[ristechy.com/download-tweakware-vpn-apk/feed]
[ristechy.com/wp-json/oembed/1.0/embeda065.json]
[ristechy.com/wp-json/oembed/1.0/embeda20f]
[ristechy.com/wp-json/wp/v2/posts/127.json]
[ristechy.com/tag/tweakware-vpn.html]
[ristechy.com/download-tweakware-vpn-apk.html]
[ristechy.com/psiphon-89-handler-ui/feed]
[ristechy.com/wp-json/oembed/1.0/embed80f4.json]
[ristechy.com/wp-json/oembed/1.0/embed400f]
[ristechy.com/psiphon-89-handler-ui.html]
[ristechy.com/wp-json/wp/v2/posts/128.json]
[ristechy.com/psiphon-91-handler-ui/feed]
[ristechy.com/wp-json/oembed/1.0/embed7e49.json]
[ristechy.com/wp-json/oembed/1.0/embedd093]
[ristechy.com/psiphon-91-handler-ui.html]
[ristechy.com/wp-json/wp/v2/posts/129.json]
[ristechy.com/download-psiphon-pro-154-for-android/feed]
[ristechy.com/wp-json/oembed/1.0/embedb035.json]
[ristechy.com/wp-json/oembed/1.0/embed63f9]
[ristechy.com/download-psiphon-pro-154-for-android.html]
[ristechy.com/wp-json/wp/v2/posts/130.json]
[ristechy.com/download-psiphon-pro/feed]
[ristechy.com/wp-json/oembed/1.0/embed290b.json]
[ristechy.com/wp-json/oembed/1.0/embed1531]
[ristechy.com/download-psiphon-pro.html]
[ristechy.com/index2711.html]
[ristechy.com/indexcbb0.html]
[ristechy.com/index96f9.html]
[ristechy.com/download-reality-vpn-38-apk-and-enjoy.html]
[ristechy.com/wp-json/wp/v2/posts/132.json]
[ristechy.com/tag/reality-vpn/feed]
[ristechy.com/wp-json/wp/v2/tags/46.json]
[ristechy.com/tag/reality-vpn.html]
[ristechy.com/index4b0b.html]
[ristechy.com/tag/psiphon-handler/feed]
[ristechy.com/wp-json/wp/v2/tags/32.json]
[ristechy.com/tag/psiphon-handler.html]
[ristechy.com/index1815.html]
[ristechy.com/indexb8c4.html]
[ristechy.com/indexd4a6.html]
[ristechy.com/index4ab3.html]
[ristechy.com/index30a5.html]
[ristechy.com/dlskits/page/i.html]
[ristechy.com/dlskits/page/Firefox/index.html]
[ristechy.com/wp-content/uploads/2019/08/Corinthians-Home-DLS-Kit.png]
[ristechy.com/corinthians-dls-kit-dream-league/feed]
[ristechy.com/wp-json/oembed/1.0/embed526b.json]
[ristechy.com/wp-json/oembed/1.0/embed6a6a]
[ristechy.com/wp-json/wp/v2/posts/7338.json]
[ristechy.com/wp-content/uploads/2019/08/Corinthians-Away-DLS-Kit.png]
[ristechy.com/wp-content/uploads/2019/07/Corinthians-DLS-Away-kit-Dream-League-Soccer-19-20-300x300.png.webp]
[ristechy.com/wp-content/uploads/2019/07/Corinthians-DLS-Second-Away-kit-Dream-League-Soccer-19-20-300x300.png.webp]
[ristechy.com/wp-content/uploads/2019/08/Corinthians-DLS-keeper-Home-kit-300x300.png.webp]
[ristechy.com/wp-content/uploads/2019/08/Corinthians-DLS-keeper-Away-kit-300x300.png.webp]
[ristechy.com/wp-content/uploads/2019/08/Corinthians-DLS-keeper-Third-kit-300x300.png.webp]
[ristechy.com/wp-content/uploads/2019/08/Corinthians-DLS-Logo-300x300.png.webp]
[ristechy.com/corinthians-dls-kit-dream-league.html]
[ristechy.com/indexc285.html]
[ristechy.com/indexc9df.html]
[ristechy.com/first-touch-soccer-2020-mod-apk/feed]
[ristechy.com/wp-json/oembed/1.0/embed0a98.json]
[ristechy.com/wp-json/oembed/1.0/embed2f1a]
[ristechy.com/wp-json/wp/v2/posts/5881.json]
[ristechy.com/wp-content/uploads/2019/06/fts-20-mod-apk-android.jpg.webp]
[ristechy.com/wp-content/uploads/2019/06/FTS-2020-mod-Android-apk.jpg.webp]
[ristechy.com/first-touch-soccer-2020-mod-apk.html]
[ristechy.com/index04b6.html]
[ristechy.com/indexffe6.html]
[ristechy.com/index3a83.html]
[ristechy.com/wp-content/uploads/2023/11/Dream_League_Soccer_2024_Mod_Apk.jpg]
[ristechy.com/dream-league-soccer-2024-dls-24-mod-apk/feed]
[ristechy.com/wp-json/oembed/1.0/embed899b.json]
[ristechy.com/wp-json/oembed/1.0/embed60a3]
[ristechy.com/wp-json/wp/v2/posts/15779.json]
[ristechy.com/dream-league-soccer-2023-dls-23-mod-apk.html]
[ristechy.com/dream-league-soccer-2024-dls-24-mod-apk.html]
[ristechy.com/index384b.html]
[ristechy.com/index4e73.html]
[ristechy.com/wp-content/uploads/2019/12/DLS-2020-Apk-Obb-New-1024x473.jpg.webp]
[ristechy.com/dream-league-soccer-2020-mod-apk-3/feed]
[ristechy.com/wp-json/oembed/1.0/embed616d.json]
[ristechy.com/wp-json/oembed/1.0/embed2c73]
[ristechy.com/wp-json/wp/v2/posts/6014.json]
[ristechy.com/dream-league-soccer-2021-dls-21-mod-apk-2.html]
[ristechy.com/dream-league-soccer-2020-mod-apk-3.html]
[ristechy.com/index49a5.html]
[ristechy.com/index2425.html]
[ristechy.com/indexd5c4.html]
[ristechy.com/storage/2018/11/barcelona-logo.html]
[ristechy.com/storage/2019/07/real-madrid-logo-dls-300x300.html]
[ristechy.com/storage/2018/11/juventus-logo-DLS.html]
[ristechy.com/storage/2019/07/Manchester-City-DLS-Logo-300x300.html]
[ristechy.com/storage/2019/07/Manchester-United-DLS-Logo.html]
[ristechy.com/storage/2019/07/Logo-Liverpool-DLS-300x300.html]
[ristechy.com/storage/2020/01/Kit-Borussia-Dortmund-DLS-20-Home.html]
[ristechy.com/storage/2020/01/Kit-Borussia-Dortmund-DLS-20-Away.html]
[ristechy.com/storage/2020/01/Kit-Borussia-Dortmund-DLS-20-Third.html]
[ristechy.com/storage/2020/01/Borussia-Dortmund-dls-logo.html]
[ristechy.com/storage/2020/01/Corithians-DLS-Logo.html]
[ristechy.com/storage/2020/01/Corithians-DLS-Logo-300x300.html]
[ristechy.com/storage/2020/01/Kit-Flamengo-DLS-20-Home.html]
[ristechy.com/storage/2020/01/Kit-Flamengo-DLS-20-keeper-away.html]
[ristechy.com/storage/2020/01/Flamengo-DLS_logo.html]
[ristechy.com/storage/2020/01/Untitled481.html]
[ristechy.com/storage/2020/01/Galatasaray-DLS-logo-300x300.html]
[ristechy.com/wp-content/plugins/wpforms-lite/assets/pro/images/times-solid-white.html]
[ristechy.com/wp-content/plugins/wpforms-lite/assets/pro/images/camera-video.html]
[ristechy.com/wp-content/plugins/wpforms-lite/assets/images/crop.html]
[ristechy.com/wp-content/plugins/wpforms-lite/assets/pro/images/camera-rotate.html]
[ristechy.com/wp-content/plugins/wpforms-lite/assets/pro/images/camera.html]
[ristechy.com/wp-content/plugins/wpforms-lite/assets/pro/images/crop.html]
[ristechy.com/wp-content/plugins/wpforms-lite/assets/pro/images/cancel.html]
[ristechy.com/wp-content/plugins/wpforms-lite/assets/pro/images/trash.html]
[ristechy.com/indexb002.html]
[ristechy.com/index4887.html]
[ristechy.com/fifa-20-mod-fifa-14-apk-offline.html]
[ristechy.com/pes-2020-lite-ppsspp-psp-iso/feed]
[ristechy.com/wp-json/oembed/1.0/embedd17d.json]
[ristechy.com/wp-json/oembed/1.0/embedd74b]
[ristechy.com/wp-content/uploads/2019/06/PES-20-lite-PSP-Folder-300x140.jpg.webp]
[ristechy.com/wp-json/wp/v2/posts/7022.json]
[ristechy.com/wp-content/uploads/2019/06/PES-20-lite-ppsspp-Game-Play-300x152.jpg.webp]
[ristechy.com/wp-content/uploads/2019/06/PES-20-lite-psp-android-300x151.jpg.webp]
[ristechy.com/pes-2020-lite-ppsspp-psp-iso.html]
[ristechy.com/pes-2020-mod-fifa-14-offline-apk/feed]
[ristechy.com/wp-json/oembed/1.0/embed2c80.json]
[ristechy.com/wp-json/oembed/1.0/embed8100]
[ristechy.com/wp-json/wp/v2/posts/7636.json]
[ristechy.com/fifa-19-mod-fifa-14-apk-offline.html]
[ristechy.com/pes-2020-apk-obb-android.html]
[ristechy.com/fifa-19-ppsspp-iso-android-offline]
[ristechy.com/wp-content/uploads/2019/09/PES-2020-Mod-FIFA-14-Apk-Obb-Data.jpg.webp]
[ristechy.com/wp-content/uploads/2019/08/PES-2020-Mod-FIFA-14-Offline-Apk-1-300x160.png.webp]
[ristechy.com/wp-content/uploads/2019/08/PES-2020-Mod-FIFA-14-Offline-Apk-2-300x240.png.webp]
[ristechy.com/wp-content/uploads/2019/08/PES-2020-Mod-FIFA-14-Offline-Apk-3-300x176.png.webp]
[ristechy.com/wp-content/uploads/2019/08/PES-2020-Mod-FIFA-14-Offline-Apk-4-300x92.png.webp]
[ristechy.com/wp-content/uploads/2019/08/PES-2020-Mod-FIFA-14-Offline-Apk-5-300x148.png.webp]
[ristechy.com/wp-content/uploads/2019/08/PES-2020-Mod-FIFA-14-Offline-Apk-6-300x159.png.webp]
[ristechy.com/pes-2020-mod-fifa-14-offline-apk.html]
[ristechy.com/indexbb55.html]
[ristechy.com/pes-2019-ppsspp-300-mb-iso-lite/feed]
[ristechy.com/wp-json/oembed/1.0/embedb4fc.json]
[ristechy.com/wp-json/oembed/1.0/embed4638]
[ristechy.com/wp-json/wp/v2/posts/5446.json]
[ristechy.com/wp-content/uploads/2019/05/PES-19-Lite-PPSSPP-PSP-300x150.jpg.webp]
[ristechy.com/wp-content/uploads/2019/05/PES-19-lite-install-300x165.gif]
[ristechy.com/wp-content/uploads/2018/12/extracted-file-pes-lite-300x157.png.webp]
[ristechy.com/wp-content/uploads/2018/12/game-savedata-texture-folder-300x249.jpg.webp]
[ristechy.com/wp-content/uploads/2018/12/cut-copy-files-226x300.png.webp]
[ristechy.com/wp-content/uploads/2018/12/select-PSP-folder-Pes-lite-300x271.png.webp]
[ristechy.com/wp-content/uploads/2018/12/copy-and-paste-pes-lite-257x300.png.webp]
[ristechy.com/wp-content/uploads/2018/12/game-folder-iso-file-300x168.jpg.webp]
[ristechy.com/pes-2019-ppsspp-300-mb-iso-lite.html]
[ristechy.com/wp-content/plugins/shortcodes-ultimate/vendor/fork-awesome/fonts/forkawesome-webfont5438.svg]
[ristechy.com/indexdf83.html]
[ristechy.com/index42c3.html]
[ristechy.com/indexb7bd.html]
[ristechy.com/wp-content/uploads/2024/10/fifa_2025_ppsspp_iso_save_data_texture_offline-1024x576.jpg]
[ristechy.com/fifa-2025-ppsspp-mod-14-fc-25-iso/feed]
[ristechy.com/wp-json/oembed/1.0/embed8d49.json]
[ristechy.com/wp-json/oembed/1.0/embedacf1]
[ristechy.com/wp-json/wp/v2/posts/17257.json]
[ristechy.com/fifa-2021-ppsspp-psp-iso.html]
[ristechy.com/fifa-2025-ppsspp-mod-14-fc-25-iso.html]
[ristechy.com/index6770.html]
[ristechy.com/wp-content/uploads/2021/05/First-Touch-Soccer-2022-Mod-Apk-FTS-1-1024x576.jpg.webp]
[ristechy.com/first-touch-soccer-2022-fts-mod-apk/feed]
[ristechy.com/wp-json/oembed/1.0/embed26b2.json]
[ristechy.com/wp-json/oembed/1.0/embed1703]
[ristechy.com/wp-json/wp/v2/posts/11723.json]
[ristechy.com/fts-mod-pes-2020-apk.html]
[ristechy.com/download-fts-18-deluxe-edition-apk-obb-data]
[ristechy.com/wp-content/uploads/2021/04/FTS_2022_installation_1-1024x617.png.webp]
[ristechy.com/wp-content/uploads/2021/05/FTS_2022_installation_2.png.webp]
[ristechy.com/wp-content/uploads/2021/05/FTS_2022_installation_3-1024x380.png.webp]
[ristechy.com/wp-content/uploads/2021/05/FTS_2022_installation_4-1024x380.png.webp]
[ristechy.com/wp-content/uploads/2021/05/FTS_2022_installation_5-1024x651.png.webp]
[ristechy.com/wp-content/uploads/2021/05/FTS_2022_installation_6-1024x663.png.webp]
[ristechy.com/wp-content/uploads/2021/05/FTS_2022_installation_8-1024x617.png.webp]
[ristechy.com/wp-content/uploads/2021/05/FTS_2022_installation_9-1024x478.png.webp]
[ristechy.com/wp-content/uploads/2021/05/FTS_2022_Screenshot_2.jpg]
[ristechy.com/wp-content/uploads/2021/05/FTS_2022_Screenshot_2-150x150.jpg.webp]
[ristechy.com/wp-content/uploads/2021/05/FTS_2022_Screenshot_4-1.jpg]
[ristechy.com/wp-content/uploads/2021/05/FTS_2022_Screenshot_4-1-150x150.jpg.webp]
[ristechy.com/wp-content/uploads/2021/05/FTS_2022_Screenshot_4.jpg]
[ristechy.com/wp-content/uploads/2021/05/FTS_2022_Screenshot_4-150x150.jpg.webp]
[ristechy.com/wp-content/uploads/2021/05/FTS_2022_Screenshot_3-1.jpg]
[ristechy.com/wp-content/uploads/2021/05/FTS_2022_Screenshot_3-1-150x150.jpg.webp]
[ristechy.com/wp-content/uploads/2021/05/FTS_2022_Screenshot_3.jpg]
[ristechy.com/wp-content/uploads/2021/05/FTS_2022_Screenshot_3-150x150.jpg.webp]
[ristechy.com/wp-content/uploads/2021/05/FTS_2022_Screenshot_1.jpg]
[ristechy.com/wp-content/uploads/2021/05/FTS_2022_Screenshot_1-150x150.jpg.webp]
[ristechy.com/first-touch-soccer-2022-fts-mod-apk.html]
[ristechy.com/first-touch-soccer-2018-hd-fts-18-apk/feed]
[ristechy.com/wp-json/oembed/1.0/embedb229.json]
[ristechy.com/wp-json/oembed/1.0/embed63b1]
[ristechy.com/first-touch-soccer-2018-hd-fts-18-apk.html]
[ristechy.com/wp-json/wp/v2/posts/3996.json]
[ristechy.com/first-touch-soccer-2019-mod-fts-19-apk/feed]
[ristechy.com/wp-json/oembed/1.0/embed1035.json]
[ristechy.com/wp-json/oembed/1.0/embed80e3]
[ristechy.com/wp-json/wp/v2/posts/3946.json]
[ristechy.com/wp-content/uploads/2018/10/First-touch-2019-1-300x169.jpg.webp]
[ristechy.com/first-touch-soccer-2019-mod-fts-19-apk.html]
[ristechy.com/indexc427.html]
[ristechy.com/soccer-manager-2019-apk-sm-19.html]
[ristechy.com/dream-league-soccer-2018-dls-18-mod-apk/feed]
[ristechy.com/wp-json/oembed/1.0/embed6929.json]
[ristechy.com/wp-json/oembed/1.0/embedce3e]
[ristechy.com/wp-json/wp/v2/posts/4000.json]
[ristechy.com/wp-content/uploads/2018/10/dls18-mod-apk.jpg.webp]
[ristechy.com/dream-league-soccer-2018-dls-18-mod-apk.html]
[ristechy.com/dream-league-soccer-2019-mod-apk-obb-1/feed]
[ristechy.com/wp-json/oembed/1.0/embed3e9e.json]
[ristechy.com/wp-json/oembed/1.0/embedbade]
[ristechy.com/wp-json/wp/v2/posts/4691.json]
[ristechy.com/dream-league-soccer-2019-mod-apk-obb-1.html]
[ristechy.com/index958b.html]
[ristechy.com/dls-2020-gold-edition-mod-apk-dream-league-soccer-20.html]
[ristechy.com/fifa-2023-mod-14-apk-obb-offline/feed]
[ristechy.com/wp-json/oembed/1.0/embed9e98.json]
[ristechy.com/wp-json/oembed/1.0/embedf6d0-2]
[ristechy.com/wp-content/uploads/2022/09/FIFA_2023_mod_14_offline_apk.png.webp]
[ristechy.com/wp-json/wp/v2/posts/14229.json]
[ristechy.com/fifa-2023-mod-14-apk-obb-offline.html]
[ristechy.com/fifa-14-mod-fifa-18-offline-android.html]
[ristechy.com/wp-content/uploads/2021/10/fifa_22_mod_apk-offline.jpg.webp]
[ristechy.com/fifa-2022-mod-fifa-14-apk-obb-download/feed]
[ristechy.com/wp-json/oembed/1.0/embedb6c8.json]
[ristechy.com/wp-json/oembed/1.0/embed268b]
[ristechy.com/wp-json/wp/v2/posts/12483.json]
[ristechy.com/wp-content/uploads/2021/07/fifa_2022_Mod_fifa_14-Apk_installation-1-1024x454.jpg.webp]
[ristechy.com/wp-content/uploads/2021/07/fifa_2022_Mod_fifa_14-Apk_installation-2.jpg.webp]
[ristechy.com/wp-content/uploads/2021/07/fifa_2022_Mod_fifa_14-Apk_installation-3-1024x380.jpg.webp]
[ristechy.com/wp-content/uploads/2021/07/fifa_2022_Mod_fifa_14-Apk_installation-4.jpg.webp]
[ristechy.com/wp-content/uploads/2021/07/fifa_2022_Mod_fifa_14-Apk_installation-5-1024x418.jpg.webp]
[ristechy.com/wp-content/uploads/2021/07/fifa_2022_Mod_fifa_14-Apk_installation-6-1024x432.jpg.webp]
[ristechy.com/wp-content/uploads/2021/07/fifa_2022_Mod_fifa_14-Apk_installation-7.jpg.webp]
[ristechy.com/wp-content/uploads/2021/07/fifa_2022_Mod_fifa_14-Apk_installation-9.jpg.webp]
[ristechy.com/wp-content/uploads/2021/07/fifa_2022_Mod_fifa_14-Apk_installation-8.jpg.webp]
[ristechy.com/wp-content/uploads/2021/07/fifa_2022_Mod_fifa_14-Apk_installation-12.jpg.webp]
[ristechy.com/wp-content/uploads/2021/11/fifa_2022_Mod_fifa_14-Apk_installation-13.jpg.webp]
[ristechy.com/wp-content/uploads/2021/11/fifa_2022_Mod_fifa_14-Apk_installation-14.jpg.webp]
[ristechy.com/wp-content/uploads/2021/07/fifa_2022_Mod_fifa_14-Apk_installation-10.jpg.webp]
[ristechy.com/wp-content/uploads/2021/07/fifa_2022_Mod_fifa_14-Apk_installation-11.jpg.webp]
[ristechy.com/wp-content/uploads/2021/07/FIFA-2022-Mod-Apk-Obb-data-install-5.jpg.webp]
[ristechy.com/wp-content/uploads/2021/07/FIFA-2022-Mod-Apk-Obb-offline-screenshot-6.jpg]
[ristechy.com/wp-content/uploads/2021/07/FIFA-2022-Mod-Apk-Obb-offline-screenshot-6.jpg.webp]
[ristechy.com/wp-content/uploads/2021/07/FIFA-2022-Mod-Apk-Obb-offline-screenshot.jpg]
[ristechy.com/wp-content/uploads/2021/07/FIFA-2022-Mod-Apk-Obb-offline-screenshot.jpg.webp]
[ristechy.com/wp-content/uploads/2021/07/FIFA-2022-Mod-Apk-Obb-offline-screenshot-1.jpg]
[ristechy.com/wp-content/uploads/2021/07/FIFA-2022-Mod-Apk-Obb-offline-screenshot-1.jpg.webp]
[ristechy.com/wp-content/uploads/2021/07/FIFA-2022-Mod-Apk-Obb-offline-screenshot-2.jpg]
[ristechy.com/wp-content/uploads/2021/07/FIFA-2022-Mod-Apk-Obb-offline-screenshot-2.jpg.webp]
[ristechy.com/wp-content/uploads/2021/07/FIFA-2022-Mod-Apk-Obb-offline-screenshot-4.jpg]
[ristechy.com/wp-content/uploads/2021/07/FIFA-2022-Mod-Apk-Obb-offline-screenshot-4.jpg.webp]
[ristechy.com/wp-content/uploads/2021/07/FIFA-2022-Mod-Apk-Obb-offline-screenshot-3.jpg]
[ristechy.com/wp-content/uploads/2021/07/FIFA-2022-Mod-Apk-Obb-offline-screenshot-3.jpg.webp]
[ristechy.com/wp-content/uploads/2021/07/FIFA-2022-Mod-Apk-Obb-offline-screenshot-5.jpg]
[ristechy.com/wp-content/uploads/2021/07/FIFA-2022-Mod-Apk-Obb-offline-screenshot-5.jpg.webp]
[ristechy.com/fifa-2022-mod-fifa-14-apk-obb-download.html]
[ristechy.com/tag/fifa-android-games/page/2.html]
[ristechy.com/tag/fifa-android-games/feed]
[ristechy.com/wp-json/wp/v2/tags/34.json]
[ristechy.com/wp-content/uploads/2024/02/FIFA_2024_Mod_fifa_14_apk_obb_fc_24-390x220.jpg]
[ristechy.com/wp-content/uploads/2020/04/FIFA-2020-Mod-14-apk-obb-data.jpg.webp]
[ristechy.com/wp-content/uploads/2019/03/Fifa-19-Mobile-mod-e1567922257599.png.webp]
[ristechy.com/wp-content/uploads/2018/08/FIFA-14-mod-fifa-18-offline-android.jpg.webp]
[ristechy.com/wp-content/uploads/2019/01/fifa-mobile-soccer-ristechy-2.jpg.webp]
[ristechy.com/fifa-soccer-2019-apk.html]
[ristechy.com/tag/fifa-android-games.html]
[ristechy.com/indexa6ba.html]
[ristechy.com/www.gurubaze.html]
[ristechy.com/wp-includes/blocks/table/style.min99d2.css]
[ristechy.com/wp-includes/blocks/columns/style.min99d2.css]
[ristechy.com/indexebd7.html]
[ristechy.com/fts-mod-fifa-18-ultimate-team-by-xrtx-download.html]
[ristechy.com/wp-content/uploads/2019/11/FM-20-football-manager-2020-mobile-apk-300x169.jpg.webp]
[ristechy.com/football-manager-2020-mobile-fm-20-apk-1/feed]
[ristechy.com/wp-json/oembed/1.0/embedf680.json]
[ristechy.com/wp-json/oembed/1.0/embed2ece]
[ristechy.com/wp-json/wp/v2/posts/8193.json]
[ristechy.com/soccer-manager-2020-apk.html]
[ristechy.com/football-manager-2020-mobile-fm-20-apk-1.html]
[ristechy.com/wp-content/uploads/2019/11/football-manager-2020-mobile-mod-Apk.jpg.webp]
[ristechy.com/tag/football-manager-mobile/feed]
[ristechy.com/wp-json/wp/v2/tags/53.json]
[ristechy.com/wp-content/uploads/2023/11/Football_Manager_2024_Mobile_apk_obb-390x220.jpg]
[ristechy.com/wp-content/uploads/2021/11/Football-Manager-2022-mobile-apk-obb-fm-22.jpg.webp]
[ristechy.com/football-manager-2021-mobile-fm-21-apk.html]
[ristechy.com/wp-content/uploads/2020/11/Football-Manager-2021-Mobile-Mod-Apk.jpg.webp]
[ristechy.com/wp-content/uploads/2019/08/Football-Manager-2019-Mobile.jpg.webp]
[ristechy.com/tag/football-manager-mobile.html]
[ristechy.com/indexd64d.html]
[ristechy.com/kingroot-60-1-apk-download/feed]
[ristechy.com/wp-json/oembed/1.0/embed2256.json]
[ristechy.com/wp-json/oembed/1.0/embed4a6e]
[ristechy.com/wp-json/wp/v2/posts/10445.json]
[ristechy.com/tag/rooting.html]
[ristechy.com/kingroot-60-1-apk-download.html]
[ristechy.com/index7cb7.html]
[ristechy.com/shadow-fight-2-special-edition-mod-apk/feed]
[ristechy.com/wp-json/oembed/1.0/embed207c.json]
[ristechy.com/wp-json/oembed/1.0/embede7ec]
[ristechy.com/shadow-fight-2-special-edition-mod-apk.html]
[ristechy.com/tag/i.html]
[ristechy.com/tag/Firefox/index.html]
[ristechy.com/wp-json/wp/v2/posts/2262.json]
[ristechy.com/tag/dream-league-soccer-dls/page/i]
[ristechy.com/wp-content/uploads/2023/11/Dream_League_Soccer_2024_Mod_Apk-390x220.jpg]
[ristechy.com/tag/dream-league-soccer-dls/page/Firefox/index.html]
[ristechy.com/dream-league-soccer-2022-dls-22-mod-apk.html]
[ristechy.com/wp-content/uploads/2021/12/dls-2022-mod-apk-1.png.webp]
[ristechy.com/wp-content/uploads/2020/11/Dream-League-Socce-2021-Mod-Menu-apk.jpg.webp]
[ristechy.com/wp-content/uploads/2019/12/Dream-League-Soccer-2020-dls20-official.jpg.webp]
[ristechy.com/wp-content/uploads/2019/07/DLS-2020-Gold-Edition-Apk-Obb.jpg.webp]
[ristechy.com/tag/dream-league-soccer-dls/page/2.html]
[ristechy.com/indexa52a.html]
[ristechy.com/ppsspp-psp-2017-iso-installation/feed]
[ristechy.com/wp-json/oembed/1.0/embed690f.json]
[ristechy.com/wp-json/oembed/1.0/embed3868]
[ristechy.com/wp-json/wp/v2/posts/113.json]
[ristechy.com/ppsspp-psp-2017-iso-installation.html]
[ristechy.com/tag/pes.html]
[ristechy.com/pes-2018-psp-iso-download/feed]
[ristechy.com/wp-json/oembed/1.0/embed202d.json]
[ristechy.com/wp-json/oembed/1.0/embedf51b]
[ristechy.com/wp-json/wp/v2/posts/3998.json]
[ristechy.com/tag/pes-2018-psp.html]
[ristechy.com/pes-2018-psp-iso-download.html]
[ristechy.com/indexb482.html]
[ristechy.com/index9b16.html]
[ristechy.com/indexc39d.html]
[ristechy.com/gta-4-apk-obb-download-android/feed]
[ristechy.com/wp-json/oembed/1.0/embed8911.json]
[ristechy.com/wp-json/oembed/1.0/embedb58e]
[ristechy.com/wp-json/wp/v2/posts/1003.json]
[ristechy.com/wp-content/uploads/2019/12/GTA-4-Apk-Obb.jpg.webp]
[ristechy.com/gta-4-apk-obb-download-android.html]
[ristechy.com/gta-3-apk-obb-data-download-android/feed]
[ristechy.com/wp-json/oembed/1.0/embed50da.json]
[ristechy.com/wp-json/oembed/1.0/embedc33c]
[ristechy.com/wp-json/wp/v2/posts/1005.json]
[ristechy.com/gta-3-apk-obb-data-download-android.html]
[ristechy.com/gta-vice-city-apk-obb-downloads-1/feed]
[ristechy.com/wp-json/oembed/1.0/embed5621.json]
[ristechy.com/wp-json/oembed/1.0/embed40bf]
[ristechy.com/wp-json/wp/v2/posts/18395.json]
[ristechy.com/wp-content/uploads/2022/02/IMG_20220203_220603.jpg.webp]
[ristechy.com/gta-vice-city-apk-obb-downloads-1.html]
[ristechy.com/wp-content/uploads/2018/04/GTA_4_apk_obb-1.jpg.webp]
[ristechy.com/tag/gta/feed]
[ristechy.com/wp-json/wp/v2/tags/49.json]
[ristechy.com/wp-content/uploads/2018/02/GTA-5-Apk-Obb.jpeg.webp]
[ristechy.com/wp-content/uploads/2019/11/GTA-SA-Lite-Indonesia-Apk-Data-390x220.jpg]
[ristechy.com/wp-content/uploads/2019/11/GTA-5-Lite-Apk-Obb.jpg.webp]
[ristechy.com/gta-5-lite-apk.html]
[ristechy.com/tag/gta.html]
[ristechy.com/tag/gta-mobile-games/feed]
[ristechy.com/wp-json/wp/v2/tags/50.json]
[ristechy.com/tag/gta-mobile-games.html]
[ristechy.com/games/page/5.html]
[ristechy.com/wwe-2k25-netflix-edition-mod-apk.html]
[ristechy.com/wp-content/uploads/2026/01/WWE-2k25-netflix-edition-mod-apk-390x220.webp]
[ristechy.com/rally-fury-mod-apk.html]
[ristechy.com/wp-content/uploads/2021/02/Rally-Fury-Mod-Apk.jpg.webp]
[ristechy.com/games/page/4.html]
[ristechy.com/naruto-senki-mod/feed]
[ristechy.com/wp-json/oembed/1.0/embedc4ad.json]
[ristechy.com/wp-json/oembed/1.0/embedd54c]
[ristechy.com/wp-json/wp/v2/posts/17769.json]
[ristechy.com/wp-content/uploads/2025/01/Naruto-Shippuden-Senki-Mod-Apk-scaled.jpg]
[ristechy.com/naruto-senki-mod.html]
[ristechy.com/naruto-ultimate-ninja-storm-4-ppsspp.html]
[ristechy.com/wp-content/uploads/2024/09/Naruto-Ultimate-Ninja-Storm-Apk-Mod.jpg]
[ristechy.com/naruto-ultimate-ninja-storm-1-0-13-apk-mod-offline/feed]
[ristechy.com/wp-json/oembed/1.0/embed7237.json]
[ristechy.com/wp-json/oembed/1.0/embed29fa]
[ristechy.com/naruto-ultimate-ninja-storm-1-0-13-apk-mod-offline.html]
[ristechy.com/wp-json/wp/v2/posts/17094.json]
[ristechy.com/pubg-highly-compressed-android/feed]
[ristechy.com/wp-json/oembed/1.0/embedafad.json]
[ristechy.com/wp-json/oembed/1.0/embedc16d]
[ristechy.com/wp-json/wp/v2/posts/2624.json]
[ristechy.com/pubg-highly-compressed-android.html]
[ristechy.com/wp-content/uploads/2020/07/pubg-mobile-highly-compressed-install-3-1024x517.jpg.webp]
[ristechy.com/stick-war-legacy-mod-apk/feed]
[ristechy.com/wp-json/oembed/1.0/embed04e6.json]
[ristechy.com/wp-json/oembed/1.0/embed52fe]
[ristechy.com/wp-json/wp/v2/posts/19566.json]
[ristechy.com/wp-content/uploads/2026/01/Stick-war-legacy-mod-apk-android-1-1024x576.jpg]
[ristechy.com/stick-war-legacy-mod-apk.html]
[ristechy.com/wp-content/uploads/2023/11/Screenshot_2023-11-04-10-41-22-533_xyz.aethersx2.android-edit.jpg]
[ristechy.com/gta-san-andreas-aethersx2-ps2-iso-android-download/feed]
[ristechy.com/wp-json/oembed/1.0/embed6df9.json]
[ristechy.com/wp-json/oembed/1.0/embedcf33]
[ristechy.com/gta-san-andreas-aethersx2-ps2-iso-android-download.html]
[ristechy.com/indexa04b.html]
[ristechy.com/indexc07f.html]
[ristechy.com/wp-json/wp/v2/posts/15603.json]
[ristechy.com/tag/highly-compressed-games/feed]
[ristechy.com/wp-json/wp/v2/tags/55.json]
[ristechy.com/tag/highly-compressed-games.html]
[ristechy.com/index5d22.html]
[ristechy.com/wp-content/uploads/2019/11/GTA-SA-Lite-Indonesia-apk-1.png.webp]
[ristechy.com/gta-sa-lite-indonesia/feed]
[ristechy.com/wp-json/oembed/1.0/embed549d.json]
[ristechy.com/wp-json/oembed/1.0/embeda4e3]
[ristechy.com/wp-json/wp/v2/posts/5810.json]
[ristechy.com/gta-sa-lite-indonesia.html]
[ristechy.com/indexf4a6.html]
[ristechy.com/index5088.html]
[ristechy.com/games/soccer/page/5.html]
[ristechy.com/wp-content/uploads/2020/09/FIFA-2021-Mod-14-Apk-offline.jpg.webp]
[ristechy.com/wp-content/uploads/2020/07/FTS-2021-Apk-Obb-Data-offline.jpg.webp]
[ristechy.com/vive-le-football-apk-obb-data.html]
[ristechy.com/wp-content/uploads/2021/08/Vive-Le-Football-Apk-.jpg.webp]
[ristechy.com/games/soccer/page/4.html]
[ristechy.com/fifa-2026-ppsspp-mod-fc-26-iso/feed]
[ristechy.com/wp-json/oembed/1.0/embed14f7.json]
[ristechy.com/wp-json/oembed/1.0/embed2a7f]
[ristechy.com/wp-json/wp/v2/posts/19471.json]
[ristechy.com/wp-content/uploads/2026/01/EA-Sports-fc_26_Ppsspp-iso.jpg]
[ristechy.com/fifa-2026-ppsspp-mod-fc-26-iso.html]
[ristechy.com/index17c2.html]
[ristechy.com/indexaa33.html]
[ristechy.com/indexfeeb.html]
[ristechy.com/index8d89.html]
[ristechy.com/fifa-2024-mod-fifa-14-fc-apk-offline/feed]
[ristechy.com/wp-json/oembed/1.0/embed56b9.json]
[ristechy.com/wp-json/oembed/1.0/embed2eb9]
[ristechy.com/wp-json/wp/v2/posts/15293.json]
[ristechy.com/wp-content/uploads/2024/02/FIFA_2024_Mod_fifa_14_apk_obb_fc_24.jpg]
[ristechy.com/wp-content/uploads/2023/08/FIFA_24_mod_EA_FC_24_apk_1.jpg.webp]
[ristechy.com/wp-content/uploads/2023/08/IMG_20230823_095549.jpg.webp]
[ristechy.com/wp-content/uploads/2023/08/FIFA_24_mod_EA_FC_24_apk_3.jpg.webp]
[ristechy.com/wp-content/uploads/2023/08/FIFA_24_mod_EA_FC_24_apk_4.jpg.webp]
[ristechy.com/wp-content/uploads/2023/08/FIFA_24_mod_EA_FC_24_apk_5.jpg.webp]
[ristechy.com/wp-content/uploads/2023/08/FIFA_24_mod_EA_FC_24_apk_6.jpg.webp]
[ristechy.com/wp-content/uploads/2023/08/FIFA_24_mod_EA_FC_24_install_apk_7.png.webp]
[ristechy.com/wp-content/uploads/2023/08/FIFA_24_mod_EA_FC_24_install_apk_8.png.webp]
[ristechy.com/wp-content/uploads/2023/08/FIFA_24_mod_EA_FC_24_apk_9.png.webp]
[ristechy.com/wp-content/uploads/2023/08/FIFA_24_mod_EA_FC_24_apk_10.png.webp]
[ristechy.com/wp-content/uploads/2023/08/1692707631916_100_090049.jpg.webp]
[ristechy.com/wp-content/uploads/2023/08/Obb_EA_FC_24_Mod_14_Apk_install_12.jpg.webp]
[ristechy.com/wp-content/uploads/2023/08/Obb_EA_FC_24_Mod_14_Apk_install_13.jpg.webp]
[ristechy.com/wp-content/uploads/2023/08/Obb_EA_FC_24_Mod_14_Apk_install_14.jpg.webp]
[ristechy.com/wp-content/uploads/2023/08/20230823_221043_0000.png.webp]
[ristechy.com/wp-content/uploads/2023/08/Obb_fifa_24_Mod_14_install_Android_16.png.webp]
[ristechy.com/wp-content/uploads/2023/08/Obb_Fifa_24_Mod_install_Android_17.png.webp]
[ristechy.com/wp-content/uploads/2023/08/Obb_Fifa_24_Mod_fc_install_Andriod_18.jpg.webp]
[ristechy.com/wp-content/uploads/2023/08/Screenshot_2023-08-24-08-25-22-501_com.google.android.packageinstaller-edit.jpg.webp]
[ristechy.com/fifa-2024-mod-fifa-14-fc-apk-offline.html]
[ristechy.com/index3493.html]
[ristechy.com/indexf1bb.html]
[ristechy.com/wp-content/uploads/2022/09/Winning-Eleven-2023-Mod-Apk-750x430.jpg.webp]
[ristechy.com/winning-eleven-2023-mod-apk/feed]
[ristechy.com/wp-json/oembed/1.0/embed71f0.json]
[ristechy.com/wp-json/oembed/1.0/embede6b7]
[ristechy.com/winning-eleven-2023-mod-apk.html]
[ristechy.com/wp-json/wp/v2/posts/14311.json]
[ristechy.com/wp-content/uploads/2021/07/Winning_Eleven_2022_Mod_Apk.jpg.webp]
[ristechy.com/winning-eleven-2022-mod-apk/feed]
[ristechy.com/wp-json/oembed/1.0/embedceb7.json]
[ristechy.com/wp-json/oembed/1.0/embeda591]
[ristechy.com/winning-eleven-2022-mod-apk.html]
[ristechy.com/wp-json/wp/v2/posts/12551.json]
[ristechy.com/winning-eleven-2012-warkop-android-apk/feed]
[ristechy.com/wp-json/oembed/1.0/embed746f.json]
[ristechy.com/wp-json/oembed/1.0/embed2e8d]
[ristechy.com/winning-eleven-2012-warkop-android-apk.html]
[ristechy.com/index2d68.html]
[ristechy.com/wp-json/wp/v2/posts/2294.json]
[ristechy.com/wp-content/uploads/2020/09/FIFA-2021-Mod-14-Apk-offline-1024x503.jpg.webp]
[ristechy.com/fifa-2021-mod-14-apk-obb-offline/feed]
[ristechy.com/wp-json/oembed/1.0/embed7ef8.json]
[ristechy.com/wp-json/oembed/1.0/embed55ad]
[ristechy.com/wp-json/wp/v2/posts/9729.json]
[ristechy.com/fifa-2020-ppsspp-psp-iso-offline.html]
[ristechy.com/wp-content/uploads/2020/07/FIFA-2021-Apk-game-play.jpg.webp]
[ristechy.com/wp-content/uploads/2020/07/FIFA-2021-android-offline.jpg.webp]
[ristechy.com/wp-content/uploads/2020/07/FIFA-21-Apk-obb-game-play.jpg.webp]
[ristechy.com/wp-content/uploads/2020/07/FIFA-21-Obb-Apk-offline.jpg.webp]
[ristechy.com/fifa-2021-mod-14-apk-obb-offline.html]
[ristechy.com/indexe980.html]
[ristechy.com/indexd821.html]
[ristechy.com/pes-2021-ppsspp-psp-iso-efootball/feed]
[ristechy.com/wp-json/oembed/1.0/embedb378.json]
[ristechy.com/wp-json/oembed/1.0/embed9ae0]
[ristechy.com/wp-json/wp/v2/posts/9600.json]
[ristechy.com/fts-mod-pes-2021-apk-obb-data.html]
[ristechy.com/wp-content/uploads/2020/09/PES-2021-PPSSPP-PSP-Iso-Save-Data-Textures-1024x479.jpg.webp]
[ristechy.com/wp-content/uploads/2020/06/PES-2021-PPSSPP-PSP-iso-save-data-textures-2.jpg.webp]
[ristechy.com/wp-content/uploads/2020/06/PES-2021-PPSSPP-PSP-iso-save-data-textures-1.jpg.webp]
[ristechy.com/wp-content/uploads/2020/06/PES-2021-PPSSPP-PSP-iso-save-data-textures.jpg.webp]
[ristechy.com/pes-2021-ppsspp-psp-iso-efootball.html]
[ristechy.com/pes-2021-apk-obb-efootball/feed]
[ristechy.com/wp-json/oembed/1.0/embed662b.json]
[ristechy.com/wp-json/oembed/1.0/embedd8f9]
[ristechy.com/wp-json/wp/v2/posts/10341.json]
[ristechy.com/wp-content/uploads/2020/10/PES-2021-efootball-apk-obb-1024x479.jpg.webp]
[ristechy.com/pes-2021-apk-obb-efootball.html]
[ristechy.com/tag/pes-ppsspp-psp-games/page/i]
[ristechy.com/wp-content/uploads/2017/07/PES-2017-ppsspp.png.webp]
[ristechy.com/tag/pes-ppsspp-psp-games/page/2.html]
[ristechy.com/pes-2021-lite-ppsspp-psp-iso/feed]
[ristechy.com/tag/pes-ppsspp-psp-games/page/Firefox/index.html]
[ristechy.com/wp-json/oembed/1.0/embed43f7.json]
[ristechy.com/wp-json/oembed/1.0/embed305e]
[ristechy.com/wp-json/wp/v2/posts/10620.json]
[ristechy.com/wp-content/uploads/2020/11/Pes_lite_2021_ppsspp_iso-1024x487.jpg.webp]
[ristechy.com/pes-2021-lite-ppsspp-psp-iso.html]
[ristechy.com/index2843.html]
[ristechy.com/tag/ppsspp-games.html]
[ristechy.com/wp-content/uploads/2021/07/IMG_20210701_211832.jpg.webp]
[ristechy.com/fts-22-mod-pes-2022-apk/feed]
[ristechy.com/wp-json/oembed/1.0/embed42ec.json]
[ristechy.com/wp-json/oembed/1.0/embed1b61]
[ristechy.com/wp-json/wp/v2/posts/12447.json]
[ristechy.com/fts-21-mod-fifa-2021-apk-obb.html]
[ristechy.com/fts-22-mod-pes-2022-apk.html]
[ristechy.com/first-touch-soccer-2021-fts-21-mod-apk/feed]
[ristechy.com/wp-json/oembed/1.0/embed20bd.json]
[ristechy.com/wp-json/oembed/1.0/embed4331]
[ristechy.com/wp-json/wp/v2/posts/9084.json]
[ristechy.com/first-touch-soccer-2021-fts-21-mod-apk.html]
[ristechy.com/fts-mod-pes-2019-apk.html]
[ristechy.com/wp-content/uploads/2021/07/FTS-2022-Mod-FIFA-22-Apk-Obb-data.jpg.webp]
[ristechy.com/fts-22-mod-fifa-2022-apk-obb-data/feed]
[ristechy.com/wp-json/oembed/1.0/embedfc5b.json]
[ristechy.com/wp-json/oembed/1.0/embed3653]
[ristechy.com/fts-22-mod-fifa-2022-apk-obb-data.html]
[ristechy.com/index8161.html]
[ristechy.com/wp-json/wp/v2/posts/12602.json]
[ristechy.com/tag/fts/page/i]
[ristechy.com/tag/fts/page/Firefox/index.html]
[ristechy.com/fts-mod-fifa-18-ultimate-apk-obb.html]
[ristechy.com/tag/fts/page/2.html]
[ristechy.com/download-fts-18-special-mod-by-bagas-bangkrenk-apk-obb/feed]
[ristechy.com/wp-json/oembed/1.0/embed9c61.json]
[ristechy.com/wp-json/oembed/1.0/embedffaa]
[ristechy.com/wp-json/wp/v2/posts/143.json]
[ristechy.com/wp-content/uploads/2017/12/FTS18SpecialModbyBagasBangkrenk-1.png]
[ristechy.com/download-fts-18-special-mod-by-bagas-bangkrenk-apk-obb.html]
[ristechy.com/download-fts-mod-pes-2018-big-update-transfer/feed]
[ristechy.com/wp-json/oembed/1.0/embed357d.json]
[ristechy.com/wp-json/oembed/1.0/embed6f73]
[ristechy.com/wp-json/wp/v2/posts/147.json]
[ristechy.com/tag/android.html]
[ristechy.com/download-fts-mod-pes-2018-big-update-transfer.html]
[ristechy.com/tag/games.html]
[ristechy.com/download-fts-18-mod-by-fts-manager-and/feed]
[ristechy.com/wp-json/oembed/1.0/embed80d8.json]
[ristechy.com/wp-json/oembed/1.0/embeda06f]
[ristechy.com/download-fts-18-mod-by-fts-manager-and.html]
[ristechy.com/wp-json/wp/v2/posts/148.json]
[ristechy.com/fts-mod-fifa-18-by-riady-poetra-apk-obb-download/feed]
[ristechy.com/wp-json/oembed/1.0/embed5fb4.json]
[ristechy.com/wp-json/oembed/1.0/embed1aaf]
[ristechy.com/fts-mod-fifa-18-by-riady-poetra-apk-obb-download.html]
[ristechy.com/index6598.html]
[ristechy.com/indexfc8c.html]
[ristechy.com/wp-json/wp/v2/posts/149.json]
[ristechy.com/football-manager-2019-mobile-apk-android/feed]
[ristechy.com/wp-json/oembed/1.0/embed9eb9.json]
[ristechy.com/wp-json/oembed/1.0/embed2c1a]
[ristechy.com/wp-json/wp/v2/posts/3916.json]
[ristechy.com/wp-content/uploads/2018/10/FM-mobile-Club-selection-1-300x169.jpg]
[ristechy.com/wp-content/uploads/2018/10/football-manager-19-1-300x169.jpg]
[ristechy.com/football-manager-2019-mobile-apk-android.html]
[ristechy.com/android/page/4.html]
[ristechy.com/download-yoga-vpn-apk-39160-free/feed]
[ristechy.com/wp-json/oembed/1.0/embed57be.json]
[ristechy.com/wp-json/oembed/1.0/embed1ffd]
[ristechy.com/wp-json/wp/v2/posts/4002.json]
[ristechy.com/download-yoga-vpn-apk-39160-free.html]
[ristechy.com/best-free-antivirus-android/feed]
[ristechy.com/wp-json/oembed/1.0/embed99c2.json]
[ristechy.com/wp-json/oembed/1.0/embed5733]
[ristechy.com/wp-json/wp/v2/posts/11647.json]
[ristechy.com/tag/android-antivirus.html]
[ristechy.com/best-free-antivirus-android.html]
[ristechy.com/vlc-2111-beta-apk/feed]
[ristechy.com/wp-json/oembed/1.0/embed17d6.json]
[ristechy.com/wp-json/oembed/1.0/embed7d8e]
[ristechy.com/vlc-2111-beta-apk.html]
[ristechy.com/wp-json/wp/v2/posts/122.json]
[ristechy.com/download-kingroot-apk-for-android-51/feed]
[ristechy.com/wp-json/oembed/1.0/embedcde5.json]
[ristechy.com/wp-json/oembed/1.0/embede215]
[ristechy.com/download-kingroot-apk-for-android-51.html]
[ristechy.com/indexf37d.html]
[ristechy.com/indexe62e.html]
[ristechy.com/index96d6.html]
[ristechy.com/index4095.html]
[ristechy.com/wp-content/uploads/2018/01/January82C201744557PMWAT-1.html]
[ristechy.com/index05bf.html]
[ristechy.com/index9751.html]
[ristechy.com/wp-json/wp/v2/posts/125.json]
[ristechy.com/tag/tweakware-vpn/feed]
[ristechy.com/wp-json/wp/v2/tags/40.json]
[ristechy.com/tag/tweakware-vpn.html]
[ristechy.com/index913e.html]
[ristechy.com/index1c00.html]
[ristechy.com/index8b4e.html]
[ristechy.com/index31a3.html]
[ristechy.com/index0830.html]
[ristechy.com/indexd799.html]
[ristechy.com/index5102.html]
[ristechy.com/dream-league-soccer-2023-dls-23-mod-apk/feed]
[ristechy.com/wp-json/oembed/1.0/embed06db.json]
[ristechy.com/wp-json/oembed/1.0/embedfbef]
[ristechy.com/wp-json/wp/v2/posts/14303.json]
[ristechy.com/wp-content/uploads/2022/12/Dream-League-Soccer-2023-Mod.png.webp]
[ristechy.com/dream-league-soccer-2023-dls-23-mod-apk.html]
[ristechy.com/indexde34.html]
[ristechy.com/dream-league-soccer-2021-dls-21-mod-apk-2/feed]
[ristechy.com/wp-json/oembed/1.0/embedd0e4.json]
[ristechy.com/wp-json/oembed/1.0/embed7f06]
[ristechy.com/wp-json/wp/v2/posts/13073.json]
[ristechy.com/wp-content/uploads/2020/11/DLS-2021-Mod-Menu-Apk-Dream-League.jpg.webp]
[ristechy.com/dream-league-soccer-2021-dls-21-mod-apk-2.html]
[ristechy.com/fifa-20-mod-fifa-14-apk-offline/feed]
[ristechy.com/wp-json/oembed/1.0/embed6427.json]
[ristechy.com/wp-json/oembed/1.0/embed0296]
[ristechy.com/wp-json/wp/v2/posts/6704.json]
[ristechy.com/wp-content/uploads/2019/10/FIFA-2020-offline-mod-14-apk.jpeg.webp]
[ristechy.com/wp-content/uploads/2019/10/FIFA-20-mod-14-offline-apk.jpg.webp]
[ristechy.com/fifa-20-mod-fifa-14-apk-offline.html]
[ristechy.com/index9588.html]
[ristechy.com/indexde21.html]
[ristechy.com/fifa-19-mod-fifa-14-apk-offline/feed]
[ristechy.com/wp-json/oembed/1.0/embed5bcd.json]
[ristechy.com/wp-json/oembed/1.0/embedd8da]
[ristechy.com/wp-json/wp/v2/posts/2980.json]
[ristechy.com/wp-content/uploads/2019/08/FIFA-19-20-apk-obb-offline.jpg]
[ristechy.com/wp-content/uploads/2019/04/FIFA-19-mobile-offline-mod-files-300x178.png.webp]
[ristechy.com/fifa-19-mod-fifa-14-apk-offline.html]
[ristechy.com/pes-2020-apk-obb-android/feed]
[ristechy.com/wp-json/oembed/1.0/embed9bb2.json]
[ristechy.com/wp-json/oembed/1.0/embeda4ec]
[ristechy.com/wp-json/wp/v2/posts/7064.json]
[ristechy.com/wp-content/uploads/2019/12/PES-2020-apk-obb-android.jpg.webp]
[ristechy.com/pes-2020-apk-obb-android.html]
[ristechy.com/fifa-19-ppsspp-iso-android-offline.html]
[ristechy.com/index9ee9.html]
[ristechy.com/index16c3.html]
[ristechy.com/wp-content/uploads/2020/10/FIFA_2021-ppsspp-psp-iso-android-3-1-1024x576.jpg.webp]
[ristechy.com/fifa-2021-ppsspp-psp-iso/feed]
[ristechy.com/wp-json/oembed/1.0/embedf9fd.json]
[ristechy.com/wp-json/oembed/1.0/embed5adf]
[ristechy.com/wp-json/wp/v2/posts/10502.json]
[ristechy.com/fts-mod-fifa-2020-apk.html]
[ristechy.com/wp-content/uploads/2020/10/FIFA-2021-ppsspp-psp-iso-6-1024x485.jpg.webp]
[ristechy.com/wp-content/uploads/2020/10/FIFA-2021-ppsspp-psp-iso-5-1024x482.jpg.webp]
[ristechy.com/wp-content/uploads/2020/10/FIFA-2021-ppsspp-psp-iso-7-1024x485.jpg.webp]
[ristechy.com/wp-content/uploads/2020/10/FIFA-2021-ppsspp-psp-iso-3-1024x480.jpg.webp]
[ristechy.com/wp-content/uploads/2020/10/FIFA-2021-ppsspp-psp-iso-4-1024x492.jpg.webp]
[ristechy.com/wp-content/uploads/2020/10/FIFA-2021-ppsspp-psp-iso-7-1-1024x488.jpg.webp]
[ristechy.com/fifa-2021-ppsspp-psp-iso.html]
[ristechy.com/index9640.html]
[ristechy.com/fts-mod-pes-2020-apk/feed]
[ristechy.com/wp-json/oembed/1.0/embed3efd.json]
[ristechy.com/wp-json/oembed/1.0/embed7a81]
[ristechy.com/wp-json/wp/v2/posts/6279.json]
[ristechy.com/wp-content/uploads/2019/04/FTS-Mod-PES-2020.jpg.webp]
[ristechy.com/fts-mod-pes-2020-apk.html]
[ristechy.com/download-fts-18-deluxe-edition-apk-obb-data.html]
[ristechy.com/index78e3.html]
[ristechy.com/indexd2bf.html]
[ristechy.com/soccer-manager-2019-apk-sm-19/feed]
[ristechy.com/wp-json/oembed/1.0/embed9fbe.json]
[ristechy.com/wp-json/oembed/1.0/embedc1a1]
[ristechy.com/soccer-manager-2019-apk-sm-19.html]
[ristechy.com/index854d.html]
[ristechy.com/indexd6db.html]
[ristechy.com/wp-json/wp/v2/posts/3704.json]
[ristechy.com/wp-content/uploads/2019/07/DLS-20-Gold-Edition-Apk-obb-1.jpg.webp]
[ristechy.com/dls-2020-gold-edition-mod-apk-dream-league-soccer-20/feed]
[ristechy.com/wp-json/oembed/1.0/embeddd8e.json]
[ristechy.com/wp-json/oembed/1.0/embed014e]
[ristechy.com/wp-json/wp/v2/posts/7348.json]
[ristechy.com/wp-content/uploads/2019/07/DLS-20-Gold-Edition-Files-Apk-obb-data-1-300x188.jpeg.webp]
[ristechy.com/wp-content/uploads/2019/07/dls-20-Gold-installation-1-300x230.png.webp]
[ristechy.com/wp-content/uploads/2019/07/dls-20-Gold-installation-2-300x161.png.webp]
[ristechy.com/wp-content/uploads/2019/07/dls-20-Gold-installation-3-300x134.png.webp]
[ristechy.com/wp-content/uploads/2019/07/dls-20-Gold-installation-4-300x199.png.webp]
[ristechy.com/wp-content/uploads/2019/07/dls-20-Gold-instsllation-5-300x161.jpg.webp]
[ristechy.com/dls-2020-gold-edition-mod-apk-dream-league-soccer-20.html]
[ristechy.com/indexc1ec.html]
[ristechy.com/fifa-14-mod-fifa-18-offline-android/feed]
[ristechy.com/wp-json/oembed/1.0/embed2890.json]
[ristechy.com/wp-json/oembed/1.0/embed2a74]
[ristechy.com/wp-json/wp/v2/posts/2465.json]
[ristechy.com/wp-content/uploads/2018/08/fifa-14-mod-fifa-18-1-300x225.jpg]
[ristechy.com/fifa-14-mod-fifa-18-offline-android.html]
[ristechy.com/indexa828.html]
[ristechy.com/tag/fifa-android-games/page/i]
[ristechy.com/tag/fifa-android-games/page/2.html]
[ristechy.com/fifa-14-v136-mod-18-v2-by-jogress-apk.html]
[ristechy.com/fifa-soccer-2019-apk/feed]
[ristechy.com/tag/fifa-android-games/page/Firefox/index.html]
[ristechy.com/wp-json/oembed/1.0/embedb692.json]
[ristechy.com/wp-json/oembed/1.0/embedf11f]
[ristechy.com/fifa-soccer-2019-apk.html]
[ristechy.com/wp-json/wp/v2/posts/5578.json]
[ristechy.com/fts-mod-fifa-18-ultimate-team-by-xrtx-download/feed]
[ristechy.com/wp-json/oembed/1.0/embed2a28.json]
[ristechy.com/wp-json/oembed/1.0/embed2fb2]
[ristechy.com/fts-mod-fifa-18-ultimate-team-by-xrtx-download.html]
[ristechy.com/index1d6a.html]
[ristechy.com/wp-json/wp/v2/posts/150.json]
[ristechy.com/soccer-manager-2020-apk/feed]
[ristechy.com/wp-json/oembed/1.0/embed5e42.json]
[ristechy.com/wp-json/oembed/1.0/embed2c17]
[ristechy.com/soccer-manager-2020-apk.html]
[ristechy.com/wp-json/wp/v2/posts/8031.json]
[ristechy.com/football-manager-2021-mobile-fm-21-apk/feed]
[ristechy.com/wp-json/oembed/1.0/embed3e5d.json]
[ristechy.com/wp-json/oembed/1.0/embed005f]
[ristechy.com/wp-json/wp/v2/posts/10796.json]
[ristechy.com/wp-content/uploads/2020/12/FM-21-mobile-store-editor-unlocked.jpg.webp]
[ristechy.com/wp-content/uploads/2020/12/FM-21-mobile-store-editor-unlocked-1.jpg.webp]
[ristechy.com/wp-content/uploads/2020/12/FM-21-mobile-store-editor-unlocked-3.jpg.webp]
[ristechy.com/wp-content/uploads/2020/12/FM-21-mobile-store-editor-unlocked-2.jpg.webp]
[ristechy.com/wp-content/uploads/2020/12/FM-21-mobile-store-editor-unlocked-4.jpg.webp]
[ristechy.com/wp-content/uploads/2020/12/FM-21-mobile-store-editor-unlocked-5.jpg.webp]
[ristechy.com/wp-content/uploads/2020/12/FM-21-mobile-store-editor-unlocked-6.jpg.webp]
[ristechy.com/wp-content/uploads/2020/12/FM-21-mobile-store-editor-unlocked-8.jpg.webp]
[ristechy.com/wp-content/uploads/2020/12/Football-Manager-2021-Mobile-Apk-Unlocked.jpg.webp]
[ristechy.com/football-manager-2021-mobile-fm-21-apk.html]
[ristechy.com/index84a5.html]
[ristechy.com/download-psiphon-pro-154-for-android/index.html]
[ristechy.com/tag/rooting/feed]
[ristechy.com/wp-json/wp/v2/tags/39.json]
[ristechy.com/tag/rooting.html]
[ristechy.com/index5bd0.html]
[ristechy.com/tag/dream-league-soccer-dls/page/i.html]
[ristechy.com/tag/dream-league-soccer-dls/page/Firefox/index.html]
[ristechy.com/dream-league-soccer-2022-dls-22-mod-apk/feed]
[ristechy.com/wp-json/oembed/1.0/embedbdde.json]
[ristechy.com/wp-json/oembed/1.0/embed7b6f]
[ristechy.com/wp-json/wp/v2/posts/12942.json]
[ristechy.com/wp-content/uploads/2021/12/dls-2022-mod-apk-1-1024x461.png.webp]
[ristechy.com/dream-league-soccer-2022-dls-22-mod-apk.html]
[ristechy.com/index3961.html]
[ristechy.com/tag/pes/feed]
[ristechy.com/wp-json/wp/v2/tags/37.json]
[ristechy.com/download-pes-2018-pro-evolution-soccer.html]
[ristechy.com/tag/pes.html]
[ristechy.com/indexe02c.html]
[ristechy.com/tag/pes-2018-psp/feed]
[ristechy.com/wp-json/wp/v2/tags/47.json]
[ristechy.com/tag/pes-2018-psp.html]
[ristechy.com/index5a7f.html]
[ristechy.com/index7eba.html]
[ristechy.com/index6fdd.html]
[ristechy.com/gta-5-lite-apk/feed]
[ristechy.com/wp-json/oembed/1.0/embedc7ef.json]
[ristechy.com/wp-json/oembed/1.0/embedc20f]
[ristechy.com/wp-json/wp/v2/posts/6768.json]
[ristechy.com/wp-content/uploads/2019/11/GTA-5-Android-lite-APK-download-300x166.jpg.webp]
[ristechy.com/wp-content/uploads/2019/11/gta-5-apk-obb-lite-prologue-300x161.jpg.webp]
[ristechy.com/gta-5-lite-apk.html]
[ristechy.com/games/page/6.html]
[ristechy.com/garena-free-fire-apk-obb.html]
[ristechy.com/wp-content/uploads/2020/08/Garena-Free-Fire-Apk-Obb.jpg.webp]
[ristechy.com/wp-content/uploads/2020/02/Naruto-Ulitimate-Ninja-Storm-4-PPSSPP.jpg.webp]
[ristechy.com/games/page/5.html]
[ristechy.com/wp-content/uploads/2026/01/WWE-2k25-netflix-edition-mod-apk-1024x462.webp]
[ristechy.com/wwe-2k25-netflix-edition-mod-apk/feed]
[ristechy.com/wp-json/oembed/1.0/embed7b39.json]
[ristechy.com/wp-json/oembed/1.0/embed0f54]
[ristechy.com/wwe-2k25-netflix-edition-mod-apk.html]
[ristechy.com/wp-content/uploads/2021/02/Rally-Fury-Mod-Apk-1024x576.jpg.webp]
[ristechy.com/wp-json/wp/v2/posts/19489.json]
[ristechy.com/rally-fury-mod-apk/feed]
[ristechy.com/wp-json/oembed/1.0/embed9ae4.json]
[ristechy.com/wp-json/oembed/1.0/embede1bf]
[ristechy.com/rally-fury-mod-apk.html]
[ristechy.com/indexf0f9.html]
[ristechy.com/wp-json/wp/v2/posts/11658.json]
[ristechy.com/naruto-ultimate-ninja-storm-4-ppsspp/feed]
[ristechy.com/wp-json/oembed/1.0/embed11ae.json]
[ristechy.com/wp-json/oembed/1.0/embed4753]
[ristechy.com/wp-json/wp/v2/posts/5593.json]
[ristechy.com/wp-content/uploads/2020/02/Naruto-Ulitimate-Ninja-Storm-4-PPSSPP-1024x549.jpg.webp]
[ristechy.com/naruto-ultimate-ninja-storm-4-ppsspp.html]
[ristechy.com/indexba8f.html]
[ristechy.com/indexb4b8.html]
[ristechy.com/index00ae.html]
[ristechy.com/index8c83.html]
[ristechy.com/index6892.html]
[ristechy.com/games/soccer/page/6.html]
[ristechy.com/wp-content/uploads/2022/09/Winning-Eleven-2023-Mod-Apk.jpg.webp]
[ristechy.com/soccer-manager-2023-apk.html]
[ristechy.com/wp-content/uploads/2023/05/Soccer-manager-2023-android-apk.png.webp]
[ristechy.com/wp-content/uploads/2020/10/PES-2021-efootball-apk-obb.jpg.webp]
[ristechy.com/games/soccer/page/5.html]
[ristechy.com/vive-le-football-apk-obb-data/feed]
[ristechy.com/wp-json/oembed/1.0/embed7882.json]
[ristechy.com/wp-json/oembed/1.0/embed71ed]
[ristechy.com/wp-json/wp/v2/posts/12733.json]
[ristechy.com/wp-content/uploads/2024/10/vive-le-football_android_apk-scaled.jpg]
[ristechy.com/vive-le-football-apk-obb-data.html]
[ristechy.com/indexb291.html]
[ristechy.com/indexc633.html]
[ristechy.com/index976c.html]
[ristechy.com/index9778.html]
[ristechy.com/index052f.html]
[ristechy.com/index0965.html]
[ristechy.com/fifa-2020-ppsspp-psp-iso-offline/feed]
[ristechy.com/wp-json/oembed/1.0/embed4310.json]
[ristechy.com/wp-json/oembed/1.0/embed368c]
[ristechy.com/wp-json/wp/v2/posts/8042.json]
[ristechy.com/wp-content/uploads/2019/10/fifa-2020-ppsspp-psp-iso-3-300x154.jpg.webp]
[ristechy.com/wp-content/uploads/2019/10/fifa-2020-ppsspp-psp-iso-1-300x152.jpg.webp]
[ristechy.com/wp-content/uploads/2019/10/fifa-2020-ppsspp-psp-iso-2-300x153.jpg.webp]
[ristechy.com/fifa-2020-ppsspp-psp-iso-offline.html]
[ristechy.com/index8797.html]
[ristechy.com/wp-content/uploads/2020/05/FTS-21-Mod-PES-2021-Apk-300x169.jpg.webp]
[ristechy.com/fts-mod-pes-2021-apk-obb-data/feed]
[ristechy.com/wp-json/oembed/1.0/embed1310.json]
[ristechy.com/wp-json/oembed/1.0/embed527f]
[ristechy.com/wp-json/wp/v2/posts/9520.json]
[ristechy.com/fts-mod-pes-2021-apk-obb-data.html]
[ristechy.com/indexe948.html]
[ristechy.com/tag/pes-ppsspp-psp-games/page/i.html]
[ristechy.com/tag/pes-ppsspp-psp-games/page/Firefox/index.html]
[ristechy.com/index5ec5.html]
[ristechy.com/fts-20-mod-ucl-apk.html]
[ristechy.com/tag/ppsspp-games/feed]
[ristechy.com/wp-json/wp/v2/tags/56.json]
[ristechy.com/tag/ppsspp-games.html]
[ristechy.com/index8b2b.html]
[ristechy.com/wp-content/uploads/2020/09/FTS-21-Mod-fifa-apk-1024x512.jpg.webp]
[ristechy.com/fts-21-mod-fifa-2021-apk-obb/feed]
[ristechy.com/wp-json/oembed/1.0/embed2189.json]
[ristechy.com/wp-json/oembed/1.0/embed7726]
[ristechy.com/wp-json/wp/v2/posts/10570.json]
[ristechy.com/fts-21-mod-fifa-2021-apk-obb.html]
[ristechy.com/indexea6a.html]
[ristechy.com/fts-mod-pes-2019-apk/feed]
[ristechy.com/wp-json/oembed/1.0/embed5415.json]
[ristechy.com/wp-json/oembed/1.0/embeda3de]
[ristechy.com/wp-json/wp/v2/posts/2555.json]
[ristechy.com/wp-content/uploads/2018/08/fts-mod-pes-2019-apk-1-300x200.png]
[ristechy.com/fts-mod-pes-2019-apk.html]
[ristechy.com/indexc607.html]
[ristechy.com/tag/fts/page/i.html]
[ristechy.com/tag/fts/page/Firefox/index.html]
[ristechy.com/fts-mod-fifa-18-ultimate-apk-obb/feed]
[ristechy.com/wp-json/oembed/1.0/embedc836.json]
[ristechy.com/wp-json/oembed/1.0/embedd235]
[ristechy.com/fts-mod-fifa-18-ultimate-apk-obb.html]
[ristechy.com/indexdc22.html]
[ristechy.com/wp-content/uploads/2017/12/FTS18SpecialModbyBagasBangkrenk-1.html]
[ristechy.com/index2fa7.html]
[ristechy.com/wp-json/wp/v2/posts/115.json]
[ristechy.com/tag/android/feed]
[ristechy.com/wp-json/wp/v2/tags/42.json]
[ristechy.com/tag/android.html]
[ristechy.com/tag/games/feed]
[ristechy.com/wp-json/wp/v2/tags/43.json]
[ristechy.com/tag/games.html]
[ristechy.com/indexa36b.html]
[ristechy.com/index8bc8.html]
[ristechy.com/index1fd4.html]
[ristechy.com/wp-content/uploads/2018/10/FM-mobile-Club-selection-1-300x169.html]
[ristechy.com/wp-content/uploads/2018/10/football-manager-19-1-300x169.html]
[ristechy.com/indexa5c8.html]
[ristechy.com/indexa4b9.html]
[ristechy.com/tag/android-antivirus/feed]
[ristechy.com/wp-json/wp/v2/tags/52.json]
[ristechy.com/tag/android-antivirus.html]
[ristechy.com/indexdb84.html]
[ristechy.com/index5070.html]
[ristechy.com/kingroot-60-1-apk-download/index.html]
[ristechy.com/index12d5.html]
[ristechy.com/indexc275.html]
[ristechy.com/indexbd29.html]
[ristechy.com/indexdf1a.html]
[ristechy.com/indexd540.html]
[ristechy.com/index1987.html]
[ristechy.com/fts-mod-fifa-2020-apk/feed]
[ristechy.com/wp-json/oembed/1.0/embedebc8.json]
[ristechy.com/wp-json/oembed/1.0/embed10b7]
[ristechy.com/wp-json/wp/v2/posts/6947.json]
[ristechy.com/wp-content/uploads/2019/07/Fts-20-mod-fifa-20-apk.jpg.webp]
[ristechy.com/fts-mod-fifa-2020-apk.html]
[ristechy.com/index43d7.html]
[ristechy.com/index6ae5.html]
[ristechy.com/index88c8.html]
[ristechy.com/indexae85.html]
[ristechy.com/wp-content/uploads/2018/08/fifa-14-mod-fifa-18-1-300x225.html]
[ristechy.com/tag/fifa-android-games/page/i.html]
[ristechy.com/tag/fifa-android-games/page/Firefox/index.html]
[ristechy.com/fifa-14-v136-mod-18-v2-by-jogress-apk/feed]
[ristechy.com/wp-json/oembed/1.0/embed4522.json]
[ristechy.com/wp-json/oembed/1.0/embedf85f]
[ristechy.com/fifa-14-v136-mod-18-v2-by-jogress-apk.html]
[ristechy.com/indexfb7a.html]
[ristechy.com/index56d6.html]
[ristechy.com/indexcec5.html]
[ristechy.com/indexe469.html]
[ristechy.com/index901b.html]
[ristechy.com/wp-json/wp/v2/posts/140.json]
[ristechy.com/download-pes-2018-pro-evolution-soccer/feed]
[ristechy.com/wp-json/oembed/1.0/embedcfc9.json]
[ristechy.com/wp-json/oembed/1.0/embedb695]
[ristechy.com/download-pes-2018-pro-evolution-soccer.html]
[ristechy.com/indexf1b3.html]
[ristechy.com/wp-json/wp/v2/posts/133.json]
[ristechy.com/games/page/7.html]
[ristechy.com/bussid-gold-apk.html]
[ristechy.com/wp-content/uploads/2020/01/BUSSID-Gold-Apk-Android.png.webp]
[ristechy.com/dragon-city-mod-apk.html]
[ristechy.com/wp-content/uploads/2018/07/dragon-city-mod-apk.png.webp]
[ristechy.com/ninja-turtles-legends-apk.html]
[ristechy.com/wp-content/uploads/2020/04/Ninja-Turtles-lengends-apk.jpg.webp]
[ristechy.com/wr3d-mod-apk-wwe-android.html]
[ristechy.com/wp-content/uploads/2024/10/wr3d-2k-mod-apk-android-390x220.webp]
[ristechy.com/wwe-2k24-ppsspp-psp-iso.html]
[ristechy.com/wp-content/uploads/2025/01/WWE-ppsspp-psp-iso-textures-390x220.jpg]
[ristechy.com/nba-2k20-apk-data-obb.html]
[ristechy.com/wp-content/uploads/2019/09/nba-2K20-apk-data-download.jpg.webp]
[ristechy.com/games/page/6.html]
[ristechy.com/wp-content/uploads/2020/08/Garena-Free-Fire-Apk-Obb-1024x576.jpg.webp]
[ristechy.com/garena-free-fire-apk-obb/feed]
[ristechy.com/wp-json/oembed/1.0/embed1852.json]
[ristechy.com/wp-json/oembed/1.0/embed3251]
[ristechy.com/garena-free-fire-apk-obb.html]
[ristechy.com/indexea1d.html]
[ristechy.com/index23a3.html]
[ristechy.com/index26bc.html]
[ristechy.com/wp-json/wp/v2/posts/10473.json]
[ristechy.com/wp-content/uploads/2020/10/FIFA_2021-ppsspp-psp-iso-android-3-1.jpg.webp]
[ristechy.com/games/soccer/page/7.html]
[ristechy.com/wp-content/uploads/2021/07/IMG_20210701_211916.jpg.webp]
[ristechy.com/fifa-2019-ppsspp-psp-iso-save-data.html]
[ristechy.com/wp-content/uploads/2018/12/FIFA-19-ppsspp-android-1.jpg.webp]
[ristechy.com/wp-content/uploads/2018/07/winning-eleven-2012-warkop-android.jpg.webp]
[ristechy.com/wp-content/uploads/2020/05/FTS-21-Mod-PES-2021-Apk.jpg.webp]
[ristechy.com/wp-content/uploads/2020/09/FTS-21-Mod-fifa-apk.jpg.webp]
[ristechy.com/games/soccer/page/6.html]
[ristechy.com/soccer-manager-2023-apk/feed]
[ristechy.com/wp-json/oembed/1.0/embedb1e6.json]
[ristechy.com/wp-json/oembed/1.0/embedf7eb]
[ristechy.com/wp-json/wp/v2/posts/14663.json]
[ristechy.com/soccer-manager-2023-apk.html]
[ristechy.com/index15ab.html]
[ristechy.com/indexf742.html]
[ristechy.com/index3e2d.html]
[ristechy.com/soccer-manager-2021-apk.html]
[ristechy.com/fts-20-mod-ucl-apk/feed]
[ristechy.com/wp-json/oembed/1.0/embed7f37.json]
[ristechy.com/wp-json/oembed/1.0/embedd7d2]
[ristechy.com/wp-json/wp/v2/posts/7108.json]
[ristechy.com/wp-content/uploads/2019/07/FTS-2020-Mod-UCL.jpg.webp]
[ristechy.com/fts-20-mod-ucl-apk.html]
[ristechy.com/index223c.html]
[ristechy.com/indexf51e.html]
[ristechy.com/wp-content/uploads/2018/08/fts-mod-pes-2019-apk-1-300x200.html]
[ristechy.com/index0a10.html]
[ristechy.com/index443e.html]
[ristechy.com/index248a.html]
[ristechy.com/index9c49.html]
[ristechy.com/games/page/8.html]
[ristechy.com/mini-militia-mod-apk-doodle-army-2.html]
[ristechy.com/wp-content/uploads/2020/08/Mini-militia-doodle-army-mod.jpeg.webp]
[ristechy.com/wwe-2k25-ppsspp-psp-iso.html]
[ristechy.com/wp-content/uploads/2025/12/WWE_2k25_ppsspp_iso_save_data_textures-390x220.jpg]
[ristechy.com/pubg-mobile-lite-apk.html]
[ristechy.com/wp-content/uploads/2019/11/PUBG-Mobile-Lite-Apk-Obb.jpeg.webp]
[ristechy.com/bus-simulator-mod-apk-1.html]
[ristechy.com/wp-content/uploads/2020/01/bus-simulator-ultimate-mod-apk.jpg.webp]
[ristechy.com/games/page/7.html]
[ristechy.com/bussid-gold-apk/feed]
[ristechy.com/wp-json/oembed/1.0/embed457a.json]
[ristechy.com/wp-json/oembed/1.0/embedb434]
[ristechy.com/bussid-gold-apk.html]
[ristechy.com/wp-json/wp/v2/posts/8793.json]
[ristechy.com/dragon-city-mod-apk/feed]
[ristechy.com/wp-json/oembed/1.0/embed215d.json]
[ristechy.com/wp-json/oembed/1.0/embede01c]
[ristechy.com/dragon-city-mod-apk.html]
[ristechy.com/wp-json/wp/v2/posts/2371.json]
[ristechy.com/ninja-turtles-legends-apk/feed]
[ristechy.com/wp-json/oembed/1.0/embed9ad4.json]
[ristechy.com/wp-json/oembed/1.0/embeddcfb]
[ristechy.com/ninja-turtles-legends-apk.html]
[ristechy.com/wp-content/uploads/2024/10/wr3d-2k-mod-apk-android.webp]
[ristechy.com/wp-json/wp/v2/posts/9398.json]
[ristechy.com/wr3d-mod-apk-wwe-android/feed]
[ristechy.com/wp-json/oembed/1.0/embed5940.json]
[ristechy.com/wp-json/oembed/1.0/embed241b]
[ristechy.com/wp-json/wp/v2/posts/17194.json]
[ristechy.com/wr3d-2k22-mod-wwe-2k22-apk-download-2.html]
[ristechy.com/wr3d-mod-apk-wwe-android.html]
[ristechy.com/wwe-2k22-ppsspp-psp-iso-0.html]
[ristechy.com/wwe-2k24-ppsspp-psp-iso/feed]
[ristechy.com/wp-json/oembed/1.0/embed30b9.json]
[ristechy.com/wp-json/oembed/1.0/embed60ab]
[ristechy.com/wp-json/wp/v2/posts/17864.json]
[ristechy.com/wp-content/uploads/2025/01/WWE-ppsspp-psp-iso-textures-scaled.jpg]
[ristechy.com/wwe-2k21-ppsspp-psp-apk-iso.html]
[ristechy.com/wwe-2k24-ppsspp-psp-iso.html]
[ristechy.com/wwe-2k20-ppsspp-psp-apk-iso.html]
[ristechy.com/nba-2k20-apk-data-obb/feed]
[ristechy.com/wp-json/oembed/1.0/embedd63f.json]
[ristechy.com/wp-json/oembed/1.0/embede96b]
[ristechy.com/wp-json/wp/v2/posts/7684.json]
[ristechy.com/wp-content/uploads/2019/09/nba-2k20-apk-data.jpg.webp]
[ristechy.com/nba-2k20-apk-data-obb.html]
[ristechy.com/indexb2b7.html]
[ristechy.com/wp-content/uploads/2019/12/Champion_Of_Fields_21_apk.jpg.webp]
[ristechy.com/games/soccer/page/8.html]
[ristechy.com/champions-of-the-fields-2019-apk.html]
[ristechy.com/wp-content/uploads/2020/10/Soccer-manager-2021-apk.jpg.webp]
[ristechy.com/wp-content/uploads/2019/06/FTS-20-Mod-PES-2020-Apk.png.webp]
[ristechy.com/games/soccer/page/7.html]
[ristechy.com/fifa-2019-ppsspp-psp-iso-save-data/feed]
[ristechy.com/wp-json/oembed/1.0/embed3561.json]
[ristechy.com/wp-json/oembed/1.0/embed7231]
[ristechy.com/wp-json/wp/v2/posts/12821.json]
[ristechy.com/wp-content/uploads/2019/02/fifa-19-ppsspp-iso-graphics-mode.jpg.webp]
[ristechy.com/fifa-2019-ppsspp-psp-iso-save-data.html]
[ristechy.com/index8168.html]
[ristechy.com/soccer-manager-2021-apk/feed]
[ristechy.com/wp-json/oembed/1.0/embed1cf4.json]
[ristechy.com/wp-json/oembed/1.0/embedd973]
[ristechy.com/soccer-manager-2021-apk.html]
[ristechy.com/indexe9b9.html]
[ristechy.com/wp-json/wp/v2/posts/10782.json]
[ristechy.com/games/page/9.html]
[ristechy.com/anger-stick-5-mod-apk.html]
[ristechy.com/wp-content/uploads/2018/07/anger-stick-5-mod-apk.jpg.webp]
[ristechy.com/wp-content/uploads/2023/10/wwe-ppsspp-psp-2k23-iso-390x220.jpg]
[ristechy.com/games/page/8.html]
[ristechy.com/mini-militia-mod-apk-doodle-army-2/feed]
[ristechy.com/wp-json/oembed/1.0/embed8bd3.json]
[ristechy.com/wp-json/oembed/1.0/embed6f92]
[ristechy.com/mini-militia-mod-apk-doodle-army-2.html]
[ristechy.com/wp-json/wp/v2/posts/10402.json]
[ristechy.com/wp-content/uploads/2025/12/WWE_2k25_ppsspp_iso_save_data_textures-1024x554.jpg]
[ristechy.com/wwe-2k25-ppsspp-psp-iso/feed]
[ristechy.com/wp-json/oembed/1.0/embed162b.json]
[ristechy.com/wp-json/oembed/1.0/embed79e3]
[ristechy.com/wwe-2k25-ppsspp-psp-iso.html]
[ristechy.com/wp-json/wp/v2/posts/18735.json]
[ristechy.com/pubg-mobile-lite-apk/feed]
[ristechy.com/wp-json/oembed/1.0/embedaabd.json]
[ristechy.com/wp-json/oembed/1.0/embed558d]
[ristechy.com/pubg-mobile-lite-apk.html]
[ristechy.com/wp-json/wp/v2/posts/8287.json]
[ristechy.com/wp-content/uploads/2020/01/bus-simulator-ultimate-mod-apk-300x147.jpg.webp]
[ristechy.com/bus-simulator-mod-apk-1/feed]
[ristechy.com/wp-json/oembed/1.0/embed8d57.json]
[ristechy.com/wp-json/oembed/1.0/embedd4ac]
[ristechy.com/bus-simulator-mod-apk-1.html]
[ristechy.com/indexba57.html]
[ristechy.com/index7980.html]
[ristechy.com/index1678.html]
[ristechy.com/indexb460.html]
[ristechy.com/wp-json/wp/v2/posts/8813.json]
[ristechy.com/wr3d-2k22-mod-wwe-2k22-apk-download-2/feed]
[ristechy.com/wp-json/oembed/1.0/embed3fa2.json]
[ristechy.com/wp-json/oembed/1.0/embed6507]
[ristechy.com/wp-json/wp/v2/posts/12686.json]
[ristechy.com/wp-content/uploads/2021/08/WR3D-Mod-WWE-2k22-Apk-ristechy.jpg.webp]
[ristechy.com/wr3d-2k22-mod-wwe-2k22-apk-download-2.html]
[ristechy.com/wp-content/uploads/2023/10/wwe-ppsspp-psp-2k23-iso.jpg]
[ristechy.com/wwe-2k22-ppsspp-psp-iso-0/feed]
[ristechy.com/wp-json/oembed/1.0/embed337d.json]
[ristechy.com/wp-json/oembed/1.0/embedeaeb]
[ristechy.com/wp-json/wp/v2/posts/12874.json]
[ristechy.com/wwe-2k22-ppsspp-psp-iso-0.html]
[ristechy.com/indexa437.html]
[ristechy.com/wwe-2k19-apk-obb-android.html]
[ristechy.com/wp-content/uploads/2021/01/WWE-2k21-ppsspp-psp-iso-1024x485.jpg.webp]
[ristechy.com/wwe-2k21-ppsspp-psp-apk-iso/feed]
[ristechy.com/wp-json/oembed/1.0/embed35b1.json]
[ristechy.com/wp-json/oembed/1.0/embed476b]
[ristechy.com/wp-json/wp/v2/posts/11565.json]
[ristechy.com/wp-content/uploads/2021/01/wwe-2021-ppsspp-psp-iso-5-1024x433.jpg.webp]
[ristechy.com/wp-content/uploads/2021/01/wwe-2021-ppsspp-psp-iso-1024x613.jpg.webp]
[ristechy.com/wp-content/uploads/2021/01/wwe-2021-ppsspp-psp-iso.jpg-1-1024x445.jpg.webp]
[ristechy.com/wp-content/uploads/2021/01/wwe-2021-ppsspp-psp-iso-2-1024x426.jpg.webp]
[ristechy.com/wp-content/uploads/2021/01/wwe-2021-ppsspp-psp-iso-3-1024x460.jpg.webp]
[ristechy.com/wp-content/uploads/2021/01/wwe-2021-ppsspp-psp-iso-4.jpg.webp]
[ristechy.com/wwe-2k21-ppsspp-psp-apk-iso.html]
[ristechy.com/wp-content/uploads/2019/12/WWE-2k20-PPSSPP-PSP-apk-iso-1.jpg.webp]
[ristechy.com/wwe-2k20-ppsspp-psp-apk-iso/feed]
[ristechy.com/wp-json/oembed/1.0/embed1b56.json]
[ristechy.com/wp-json/oembed/1.0/embed6daa]
[ristechy.com/wp-json/wp/v2/posts/8509.json]
[ristechy.com/wp-content/uploads/2019/12/WWE-2k20-ppsspp-apk-iso-installation-1-300x140.png.webp]
[ristechy.com/wp-content/uploads/2019/12/WWE-2k20-ppsspp-apk-iso-installation-7-300x222.png.webp]
[ristechy.com/wp-content/uploads/2019/12/WWE-2k20-ppsspp-apk-iso-installation-2-300x135.png.webp]
[ristechy.com/wp-content/uploads/2019/12/WWE-2k20-ppsspp-apk-iso-installation-3-300x104.png.webp]
[ristechy.com/wp-content/uploads/2019/12/WWE-2k20-ppsspp-apk-iso-installation-4-300x124.png.webp]
[ristechy.com/wp-content/uploads/2019/12/WWE-2k20-ppsspp-apk-iso-installation-10-300x164.png.webp]
[ristechy.com/wp-content/uploads/2019/12/WWE-2k20-ppsspp-apk-iso-installation-11-300x149.png.webp]
[ristechy.com/wp-content/uploads/2019/12/WWE-2k20-ppsspp-apk-iso-installation-12-300x105.png.webp]
[ristechy.com/wp-content/uploads/2019/12/WWE-2k20-ppsspp-apk-iso-installation-13-300x223.png.webp]
[ristechy.com/wp-content/uploads/2019/12/WWE-2k20-ppsspp-apk-iso-installation-14-300x214.png.webp]
[ristechy.com/wwe-2k20-ppsspp-psp-apk-iso.html]
[ristechy.com/index26a3.html]
[ristechy.com/games/soccer/page/9.html]
[ristechy.com/wp-content/uploads/2019/10/fifa-20-PPSSPP-PSP-Iso.jpg.webp]
[ristechy.com/wp-content/uploads/2019/10/Soccer-Manager-2020-Apk.jpeg.webp]
[ristechy.com/wp-content/uploads/2018/10/First-touch-2019.jpg.webp]
[ristechy.com/games/soccer/page/8.html]
[ristechy.com/champions-of-the-fields-2019-apk/feed]
[ristechy.com/wp-json/oembed/1.0/embed7543.json]
[ristechy.com/wp-json/oembed/1.0/embeddc78]
[ristechy.com/wp-json/wp/v2/posts/6326.json]
[ristechy.com/champions-of-the-fields-2019-apk.html]
[ristechy.com/index000a.html]
[ristechy.com/indexc238.html]
[ristechy.com/games/page/10.html]
[ristechy.com/clash-royale-mod-apk.html]
[ristechy.com/wp-content/uploads/2021/01/Clash-Royale-Mod-Apk.jpg.webp]
[ristechy.com/asphalt-8-airborne-mod-apk-data.html]
[ristechy.com/wp-content/uploads/2017/06/asphalt-8-mod-apk.jpg.webp]
[ristechy.com/asphalt-9-legends-apk-mod-android.html]
[ristechy.com/wp-content/uploads/2019/11/Asphalt-9-Legends-mods-apk-licence-fix.jpg.webp]
[ristechy.com/brother-in-arms-3-mod-apk.html]
[ristechy.com/wp-content/uploads/2020/10/Brother-In-Arms-3-Mod-Apk.jpg.webp]
[ristechy.com/games/page/9.html]
[ristechy.com/anger-stick-5-mod-apk/feed]
[ristechy.com/wp-json/oembed/1.0/embed98e5.json]
[ristechy.com/wp-json/oembed/1.0/embeded9d]
[ristechy.com/anger-stick-5-mod-apk.html]
[ristechy.com/index7dcc.html]
[ristechy.com/indexc00b.html]
[ristechy.com/index0b7e.html]
[ristechy.com/index2cb1.html]
[ristechy.com/index1438.html]
[ristechy.com/index18bc.html]
[ristechy.com/wp-json/wp/v2/posts/2271.json]
[ristechy.com/wwe-2k19-apk-obb-android/feed]
[ristechy.com/wp-json/oembed/1.0/embeda437.json]
[ristechy.com/wp-json/oembed/1.0/embed6071]
[ristechy.com/wp-json/wp/v2/posts/2782.json]
[ristechy.com/wp-content/uploads/2018/09/wwe-2k19-1-300x225.jpg]
[ristechy.com/wwe-2k19-apk-obb-android.html]
[ristechy.com/index335a.html]
[ristechy.com/indexb8de.html]
[ristechy.com/games/soccer/page/10.html]
[ristechy.com/wp-content/uploads/2018/08/FTS-mod-pes-2019.png.webp]
[ristechy.com/wp-content/uploads/2018/10/soccer-manager-2019-full-apk.jpg.webp]
[ristechy.com/fts-19-super-mod-update-transfer.html]
[ristechy.com/games/soccer/page/9.html]
[ristechy.com/indexf240.html]
[ristechy.com/pes-2012-mod-season-201718-apk-obb.html]
[ristechy.com/games/page/10.html]
[ristechy.com/games/page/11.html]
[ristechy.com/clash-royale-mod-apk/feed]
[ristechy.com/wp-json/oembed/1.0/embed4818.json]
[ristechy.com/wp-json/oembed/1.0/embed0b32]
[ristechy.com/clash-royale-mod-apk.html]
[ristechy.com/wp-json/wp/v2/posts/11541.json]
[ristechy.com/asphalt-8-airborne-mod-apk-data/feed]
[ristechy.com/wp-json/oembed/1.0/embedf8db.json]
[ristechy.com/wp-json/oembed/1.0/embed3405]
[ristechy.com/asphalt-8-airborne-mod-apk-data.html]
[ristechy.com/wp-json/wp/v2/posts/117.json]
[ristechy.com/asphalt-9-legends-apk-mod-android/feed]
[ristechy.com/wp-json/oembed/1.0/embeddfe5.json]
[ristechy.com/wp-json/oembed/1.0/embed156e]
[ristechy.com/asphalt-9-legends-apk-mod-android.html]
[ristechy.com/wp-json/wp/v2/posts/1772.json]
[ristechy.com/brother-in-arms-3-mod-apk/feed]
[ristechy.com/wp-json/oembed/1.0/embed5e57.json]
[ristechy.com/wp-json/oembed/1.0/embedfd1f]
[ristechy.com/wp-json/wp/v2/posts/10663.json]
[ristechy.com/wp-content/uploads/2020/10/Brother-In-Arms-3-Mod-Apk-1024x478.jpg.webp]
[ristechy.com/brother-in-arms-3-mod-apk.html]
[ristechy.com/index6c60.html]
[ristechy.com/indexfa1b.html]
[ristechy.com/wp-content/uploads/2018/09/wwe-2k19-1-300x225.html]
[ristechy.com/dls-classic-mod-pes-2018-for-android.html]
[ristechy.com/winning-eleven-2012-we-2016-mod-apk.html]
[ristechy.com/games/soccer/page/10.html]
[ristechy.com/pba2k17-apk-obb-free-download.html]
[ristechy.com/fts-19-super-mod-update-transfer/feed]
[ristechy.com/wp-json/oembed/1.0/embedd7eb.json]
[ristechy.com/wp-json/oembed/1.0/embed70a5]
[ristechy.com/fts-19-super-mod-update-transfer.html]
[ristechy.com/wp-json/wp/v2/posts/2477.json]
[ristechy.com/pes-2012-mod-season-201718-apk-obb/feed]
[ristechy.com/wp-json/oembed/1.0/embed1a3c.json]
[ristechy.com/wp-json/oembed/1.0/embed550c]
[ristechy.com/pes-2012-mod-season-201718-apk-obb.html]
[ristechy.com/wp-json/wp/v2/posts/139.json]
[ristechy.com/games/page/12.html]
[ristechy.com/wp-content/uploads/2021/01/WWE-2k21-ppsspp-psp-iso.jpg.webp]
[ristechy.com/wp-content/uploads/2019/12/wwe-2k20-ppsspp-psp-apk-iso.jpg.webp]
[ristechy.com/games/page/11.html]
[ristechy.com/indexcdc6.html]
[ristechy.com/index8320.html]
[ristechy.com/index67b4.html]
[ristechy.com/index3ed9.html]
[ristechy.com/dls-classic-mod-pes-2018-for-android/feed]
[ristechy.com/wp-json/oembed/1.0/embedc897.json]
[ristechy.com/wp-json/oembed/1.0/embedc68a]
[ristechy.com/dls-classic-mod-pes-2018-for-android.html]
[ristechy.com/wp-json/wp/v2/posts/146.json]
[ristechy.com/winning-eleven-2012-we-2016-mod-apk/feed]
[ristechy.com/wp-json/oembed/1.0/embed7df3.json]
[ristechy.com/wp-json/oembed/1.0/embedabe7]
[ristechy.com/wp-json/wp/v2/posts/116.json]
[ristechy.com/winning-eleven-2012-we-2016-mod-apk.html]
[ristechy.com/wp-content/uploads/2017/01/20170126_184116.jpg.webp]
[ristechy.com/pba2k17-apk-obb-free-download/feed]
[ristechy.com/wp-json/oembed/1.0/embed3127.json]
[ristechy.com/wp-json/oembed/1.0/embed64e0]
[ristechy.com/wp-json/wp/v2/posts/131.json]
[ristechy.com/pba-2k17-apk-v22-with-obb.html]
[ristechy.com/pba2k17-apk-obb-free-download.html]
[ristechy.com/index9276.html]
[ristechy.com/indexb4d2.html]
[ristechy.com/games/page/13.html]
[ristechy.com/8-ball-pool-apk-mod.html]
[ristechy.com/wp-content/uploads/2018/06/8-ball-pool-apk-mod-featured.jpg.webp]
[ristechy.com/trials-frontier-mod-apk.html]
[ristechy.com/wp-content/uploads/2018/07/Trials-Frontier-mod-apk.jpg.webp]
[ristechy.com/super-mario-run-apk-download.html]
[ristechy.com/games/page/12.html]
[ristechy.com/indexf488.html]
[ristechy.com/indexd78c.html]
[ristechy.com/indexd52d.html]
[ristechy.com/wp-content/uploads/2018/09/super-mario-run-apk-1.jpg.webp]
[ristechy.com/pba-2k17-apk-v22-with-obb/feed]
[ristechy.com/wp-json/oembed/1.0/embed83eb.json]
[ristechy.com/wp-json/oembed/1.0/embed89b8]
[ristechy.com/pba-2k17-apk-v22-with-obb.html]
[ristechy.com/wp-json/wp/v2/posts/120.json]
[ristechy.com/games/page/14.html]
[ristechy.com/pokemon-go-apk-download.html]
[ristechy.com/wp-content/uploads/2020/04/Pokemon-go-apk.jpg.webp]
[ristechy.com/mobile-legend-bang-bang-mod-apk.html]
[ristechy.com/wp-content/uploads/2018/11/mobile-legends-mod.jpg.webp]
[ristechy.com/wp-content/uploads/2019/12/WWE-2K19-ppsspp-apk-iso.jpg.webp]
[ristechy.com/games/page/13.html]
[ristechy.com/8-ball-pool-apk-mod/feed]
[ristechy.com/wp-json/oembed/1.0/embed250e.json]
[ristechy.com/wp-json/oembed/1.0/embedf880]
[ristechy.com/wp-json/wp/v2/posts/2064.json]
[ristechy.com/wp-content/uploads/2018/06/8-ball-pool-apk-mod-money-300x169.jpg.webp]
[ristechy.com/8-ball-pool-apk-mod.html]
[ristechy.com/trials-frontier-mod-apk/feed]
[ristechy.com/wp-json/oembed/1.0/embed0fe5.json]
[ristechy.com/wp-json/oembed/1.0/embed15b2]
[ristechy.com/wp-json/wp/v2/posts/2381.json]
[ristechy.com/wp-content/uploads/2018/07/trials-frontier-apk-2-1-300x188.jpg]
[ristechy.com/trials-frontier-mod-apk.html]
[ristechy.com/super-mario-run-apk-download/feed]
[ristechy.com/wp-json/oembed/1.0/embed56ec.json]
[ristechy.com/wp-json/oembed/1.0/embedb8de]
[ristechy.com/wp-json/wp/v2/posts/4008.json]
[ristechy.com/wp-content/uploads/2017/03/20170324_065406-1.jpg]
[ristechy.com/super-mario-run-apk-download.html]
[ristechy.com/index2c90.html]
[ristechy.com/games/page/14.html]
[ristechy.com/games/page/15.html]
[ristechy.com/pokemon-go-apk-download/feed]
[ristechy.com/wp-json/oembed/1.0/embed75ca.json]
[ristechy.com/wp-json/oembed/1.0/embeda8d9]
[ristechy.com/pokemon-go-apk-download.html]
[ristechy.com/wp-json/wp/v2/posts/9401.json]
[ristechy.com/mobile-legend-bang-bang-mod-apk/feed]
[ristechy.com/wp-json/oembed/1.0/embed2efa.json]
[ristechy.com/wp-json/oembed/1.0/embed350e]
[ristechy.com/mobile-legend-bang-bang-mod-apk.html]
[ristechy.com/indexb415.html]
[ristechy.com/indexd17a.html]
[ristechy.com/wp-content/uploads/2018/07/trials-frontier-apk-2-1-300x188.html]
[ristechy.com/index2be0.html]
[ristechy.com/wp-content/uploads/2017/03/20170324_065406-1.html]
[ristechy.com/wp-json/wp/v2/posts/4754.json]
[ristechy.com/games/page/16.html]
[ristechy.com/nba-2k19-apk-data.html]
[ristechy.com/wp-content/uploads/2018/11/nba-2k19-apk.jpg.webp]
[ristechy.com/wp-content/uploads/2018/07/shadow-fight-2-special-edition.jpg.webp]
[ristechy.com/pba-2k18-apk-obb.html]
[ristechy.com/wp-content/uploads/2018/07/PBA-2k18-apk-obb.jpg.webp]
[ristechy.com/score-match-mod-apk.html]
[ristechy.com/games/page/15.html]
[ristechy.com/index1fdd.html]
[ristechy.com/index4685.html]
[ristechy.com/games/page/16.html]
[ristechy.com/games/page/17.html]
[ristechy.com/nba-2k19-apk-data/feed]
[ristechy.com/wp-json/oembed/1.0/embed71a6.json]
[ristechy.com/wp-json/oembed/1.0/embedb022]
[ristechy.com/nba-2k19-apk-data.html]
[ristechy.com/wp-json/wp/v2/posts/4770.json]
[ristechy.com/pba-2k18-apk-obb/feed]
[ristechy.com/wp-json/oembed/1.0/embede947.json]
[ristechy.com/wp-json/oembed/1.0/embedc57a]
[ristechy.com/pba-2k18-apk-obb.html]
[ristechy.com/wp-json/wp/v2/posts/2416.json]
[ristechy.com/score-match-mod-apk/feed]
[ristechy.com/wp-json/oembed/1.0/embed31fd.json]
[ristechy.com/wp-json/oembed/1.0/embed6e66]
[ristechy.com/score-match-mod-apk.html]
[ristechy.com/games/page/17.html]
[ristechy.com/indexa614.html]
[ristechy.com/index1d38.html]
[ristechy.com/wp-json/wp/v2/posts/10444.json]
[ristechy.com/indexafa0.html]
